ano,estu_consecutivo,estu_genero,estu_semestrecursa,fami_estratovivienda,fami_educacionmadre,fami_educacionpadre,estu_exterior,estu_cod_depto_presentacion,estu_depto_presentacion,estu_cod_mcpio_presentacion,estu_mcpio_presentacion,estu_snies_prgmacademico,estu_prgm_academico,mod_competen_ciudada_punt,mod_comuni_escrita_punt,mod_ingles_punt,mod_ingles_desem,mod_lectura_critica_punt,mod_razona_cuantitat_punt,punt_global
2021,EK202120262469,M,09,Estrato 3,Técnica o tecnológica incompleta,Secundaria (Bachillerato) completa,NO,11,"BOGOTÁ, D.C.",11001,"BOGOTÁ, D.C.",6527,ADMINISTRACION DE EMPRESAS,162,133,151,A2,114,135,139
2021,EK202120116785,M,09,Estrato 4,Postgrado,Postgrado,NO,11,"BOGOTÁ, D.C.",11001,"BOGOTÁ, D.C.",11428,CONTADURIA PUBLICA,190,174,155,A2,168,164,170
2021,EK202120116868,M,09,Estrato 5,Secundaria (Bachillerato) completa,Secundaria (Bachillerato) completa,NO,11,"BOGOTÁ, D.C.",11001,"BOGOTÁ, D.C.",11428,CONTADURIA PUBLICA,154,85,150,A2,139,113,128
2021,EK202120116831,M,09,Estrato 4,Secundaria (Bachillerato) incompleta,Secundaria (Bachillerato) incompleta,NO,11,"BOGOTÁ, D.C.",11001,"BOGOTÁ, D.C.",11428,CONTADURIA PUBLICA,179,157,144,A2,148,149,155
2021,EK202120116814,F,09,Estrato 2,Primaria incompleta,Primaria incompleta,NO,11,"BOGOTÁ, D.C.",11001,"BOGOTÁ, D.C.",11428,CONTADURIA PUBLICA,178,154,142,A2,188,166,166
2021,EK202120117053,F,09,Estrato 2,Primaria incompleta,Primaria completa,NO,11,"BOGOTÁ, D.C.",11001,"BOGOTÁ, D.C.",11428,CONTADURIA PUBLICA,139,131,124,A2,146,172,142
2021,EK202120262258,F,08,Estrato 3,Educación profesional completa,Educación profesional completa,NO,11,"BOGOTÁ, D.C.",11001,"BOGOTÁ, D.C.",6527,ADMINISTRACION DE EMPRESAS,143,146,162,A2,161,143,151
2021,EK202120262692,F,09,Estrato 2,Secundaria (Bachillerato) completa,Primaria incompleta,NO,11,"BOGOTÁ, D.C.",11001,"BOGOTÁ, D.C.",6527,ADMINISTRACION DE EMPRESAS,165,137,139,A2,128,156,145
2021,EK202120117033,F,08,NA,Secundaria (Bachillerato) completa,Primaria incompleta,NO,11,"BOGOTÁ, D.C.",11001,"BOGOTÁ, D.C.",11428,CONTADURIA PUBLICA,128,170,111,A1,120,129,132
2021,EK202120117014,F,08,Estrato 3,Primaria incompleta,Ninguno,NO,11,"BOGOTÁ, D.C.",11001,"BOGOTÁ, D.C.",11428,CONTADURIA PUBLICA,160,178,138,A2,132,123,146
2021,EK202120264990,F,10,Estrato 3,Primaria completa,Ninguno,NO,11,"BOGOTÁ, D.C.",11001,"BOGOTÁ, D.C.",6527,ADMINISTRACION DE EMPRESAS,77,130,156,A2,126,108,119
2021,EK202120262192,F,09,Estrato 3,Técnica o tecnológica completa,Secundaria (Bachillerato) completa,NO,11,"BOGOTÁ, D.C.",11001,"BOGOTÁ, D.C.",6527,ADMINISTRACION DE EMPRESAS,179,158,168,B1,145,160,162
2021,EK202120264167,M,09,NA,Primaria incompleta,Primaria incompleta,NO,11,"BOGOTÁ, D.C.",11001,"BOGOTÁ, D.C.",6527,ADMINISTRACION DE EMPRESAS,118,87,128,A2,122,134,118
2021,EK202120262086,F,09,Estrato 3,Secundaria (Bachillerato) completa,Educación profesional completa,NO,11,"BOGOTÁ, D.C.",11001,"BOGOTÁ, D.C.",6527,ADMINISTRACION DE EMPRESAS,177,157,163,A2,172,140,162
2021,EK202120116925,F,07,Estrato 2,Técnica o tecnológica completa,Técnica o tecnológica completa,NO,11,"BOGOTÁ, D.C.",11001,"BOGOTÁ, D.C.",11428,CONTADURIA PUBLICA,113,70,141,A2,121,102,109
2021,EK202120117211,F,09,Estrato 2,Secundaria (Bachillerato) completa,Secundaria (Bachillerato) completa,NO,11,"BOGOTÁ, D.C.",11001,"BOGOTÁ, D.C.",11428,CONTADURIA PUBLICA,176,115,162,A2,163,162,156
2021,EK202120284600,M,09,Estrato 3,Primaria incompleta,Primaria incompleta,NO,11,"BOGOTÁ, D.C.",11001,"BOGOTÁ, D.C.",11004,INGENIERIA CIVIL,181,173,218,B2,179,194,189
2021,EK202120117144,F,09,Estrato 3,Primaria incompleta,Secundaria (Bachillerato) incompleta,NO,11,"BOGOTÁ, D.C.",11001,"BOGOTÁ, D.C.",11428,CONTADURIA PUBLICA,169,185,164,A2,156,167,168
2021,EK202120104994,M,09,Estrato 3,Secundaria (Bachillerato) incompleta,Primaria incompleta,NO,11,"BOGOTÁ, D.C.",11001,"BOGOTÁ, D.C.",11004,INGENIERIA CIVIL,160,154,142,A2,116,154,145
2021,EK202120116903,F,09,Estrato 3,Secundaria (Bachillerato) completa,Educación profesional incompleta,NO,11,"BOGOTÁ, D.C.",11001,"BOGOTÁ, D.C.",11428,CONTADURIA PUBLICA,165,185,132,A2,154,157,159
2021,EK202120262381,M,09,Estrato 3,Técnica o tecnológica completa,Técnica o tecnológica completa,NO,11,"BOGOTÁ, D.C.",11001,"BOGOTÁ, D.C.",6527,ADMINISTRACION DE EMPRESAS,158,192,179,B1,161,153,169
2021,EK202120264497,M,08,Estrato 2,Técnica o tecnológica incompleta,Educación profesional incompleta,NO,11,"BOGOTÁ, D.C.",11001,"BOGOTÁ, D.C.",6527,ADMINISTRACION DE EMPRESAS,184,150,210,B2,159,181,177
2021,EK202120117324,F,09,Estrato 3,Primaria completa,Secundaria (Bachillerato) completa,NO,11,"BOGOTÁ, D.C.",11001,"BOGOTÁ, D.C.",11428,CONTADURIA PUBLICA,186,158,195,B1,168,156,173
2021,EK202120116844,F,09,Estrato 4,Secundaria (Bachillerato) incompleta,Primaria incompleta,NO,11,"BOGOTÁ, D.C.",11001,"BOGOTÁ, D.C.",11428,CONTADURIA PUBLICA,172,162,165,B1,160,169,166
2021,EK202120116857,M,09,Estrato 2,Técnica o tecnológica completa,Primaria incompleta,NO,11,"BOGOTÁ, D.C.",11001,"BOGOTÁ, D.C.",11428,CONTADURIA PUBLICA,138,177,147,A2,138,153,151
2021,EK202120263263,F,09,Estrato 2,Secundaria (Bachillerato) completa,Primaria completa,NO,11,"BOGOTÁ, D.C.",11001,"BOGOTÁ, D.C.",6527,ADMINISTRACION DE EMPRESAS,130,300,153,A2,146,157,177
2021,EK202120263746,M,08,Estrato 3,Secundaria (Bachillerato) completa,Primaria completa,NO,11,"BOGOTÁ, D.C.",11001,"BOGOTÁ, D.C.",6527,ADMINISTRACION DE EMPRESAS,154,116,155,A2,177,169,154
2021,EK202120263308,M,09,Estrato 3,Educación profesional completa,Educación profesional completa,NO,11,"BOGOTÁ, D.C.",11001,"BOGOTÁ, D.C.",6527,ADMINISTRACION DE EMPRESAS,144,148,154,A2,137,169,150
2021,EK202120117158,F,09,Estrato 1,Secundaria (Bachillerato) incompleta,Secundaria (Bachillerato) completa,NO,18,CAQUETÁ,18001,FLORENCIA,11428,CONTADURIA PUBLICA,123,171,121,A2,110,152,135
2021,EK202120284623,M,09,Estrato 3,Secundaria (Bachillerato) completa,No sabe,NO,11,"BOGOTÁ, D.C.",11001,"BOGOTÁ, D.C.",11004,INGENIERIA CIVIL,144,127,145,A2,137,125,136
2021,EK202120118118,F,08,Estrato 3,Secundaria (Bachillerato) completa,Técnica o tecnológica incompleta,NO,11,"BOGOTÁ, D.C.",11001,"BOGOTÁ, D.C.",11004,INGENIERIA CIVIL,141,131,154,A2,175,143,149
2021,EK202120116764,F,09,Estrato 3,Primaria incompleta,Primaria incompleta,NO,11,"BOGOTÁ, D.C.",11001,"BOGOTÁ, D.C.",11428,CONTADURIA PUBLICA,131,126,187,B1,171,140,151
2021,EK202120117303,F,09,Estrato 4,Postgrado,Postgrado,NO,11,"BOGOTÁ, D.C.",11001,"BOGOTÁ, D.C.",11428,CONTADURIA PUBLICA,208,169,175,B1,194,187,187
2021,EK202120117197,M,09,Estrato 1,Primaria completa,Secundaria (Bachillerato) incompleta,NO,11,"BOGOTÁ, D.C.",11001,"BOGOTÁ, D.C.",11428,CONTADURIA PUBLICA,153,119,140,A2,147,113,134
2021,EK202120262886,M,11,Estrato 1,Primaria completa,Primaria completa,NO,11,"BOGOTÁ, D.C.",11001,"BOGOTÁ, D.C.",6527,ADMINISTRACION DE EMPRESAS,205,134,146,A2,190,158,167
2021,EK202120269623,F,10,Estrato 2,Primaria incompleta,Primaria completa,NO,11,"BOGOTÁ, D.C.",11001,"BOGOTÁ, D.C.",6527,ADMINISTRACION DE EMPRESAS,126,88,125,A2,135,138,122
2021,EK202120263094,F,09,Estrato 2,Secundaria (Bachillerato) completa,Primaria incompleta,NO,11,"BOGOTÁ, D.C.",11001,"BOGOTÁ, D.C.",6527,ADMINISTRACION DE EMPRESAS,164,168,196,B2,183,143,171
2021,EK202120116960,F,09,Estrato 3,Técnica o tecnológica completa,Técnica o tecnológica completa,NO,11,"BOGOTÁ, D.C.",11001,"BOGOTÁ, D.C.",11428,CONTADURIA PUBLICA,188,160,186,B1,176,175,177
2021,EK202120117178,F,09,Estrato 3,Secundaria (Bachillerato) incompleta,No sabe,NO,11,"BOGOTÁ, D.C.",11001,"BOGOTÁ, D.C.",11428,CONTADURIA PUBLICA,167,183,166,B1,151,136,161
2021,EK202120116823,M,09,Estrato 5,Primaria incompleta,Secundaria (Bachillerato) incompleta,NO,11,"BOGOTÁ, D.C.",11001,"BOGOTÁ, D.C.",11428,CONTADURIA PUBLICA,180,181,167,B1,151,170,170
2021,EK202120263688,M,10,Estrato 4,Técnica o tecnológica completa,Secundaria (Bachillerato) incompleta,NO,11,"BOGOTÁ, D.C.",11001,"BOGOTÁ, D.C.",6527,ADMINISTRACION DE EMPRESAS,159,160,147,A2,157,165,158
2021,EK202120117267,M,09,Estrato 3,Secundaria (Bachillerato) completa,Primaria incompleta,NO,11,"BOGOTÁ, D.C.",11001,"BOGOTÁ, D.C.",11428,CONTADURIA PUBLICA,181,162,172,B1,193,162,174
2021,EK202120298102,F,09,Estrato 3,Técnica o tecnológica completa,Postgrado,NO,25,CUNDINAMARCA,25286,FUNZA,11004,INGENIERIA CIVIL,174,198,191,B1,158,167,178
2021,EK202120262159,M,08,Estrato 3,Educación profesional completa,Técnica o tecnológica completa,NO,11,"BOGOTÁ, D.C.",11001,"BOGOTÁ, D.C.",6527,ADMINISTRACION DE EMPRESAS,156,124,173,B1,188,175,163
2021,EK202120116802,M,09,Estrato 5,Secundaria (Bachillerato) incompleta,Primaria incompleta,NO,11,"BOGOTÁ, D.C.",11001,"BOGOTÁ, D.C.",11428,CONTADURIA PUBLICA,157,113,128,A2,131,152,136
2021,EK202120117002,F,07,Estrato 2,Técnica o tecnológica completa,Secundaria (Bachillerato) completa,NO,11,"BOGOTÁ, D.C.",11001,"BOGOTÁ, D.C.",11428,CONTADURIA PUBLICA,118,171,128,A2,144,152,143
2021,EK202120264299,M,08,Estrato 3,Técnica o tecnológica completa,Postgrado,NO,11,"BOGOTÁ, D.C.",11001,"BOGOTÁ, D.C.",6527,ADMINISTRACION DE EMPRESAS,119,300,194,B1,177,191,196
2021,EK202120300399,M,09,Estrato 3,Primaria completa,Ninguno,NO,11,"BOGOTÁ, D.C.",11001,"BOGOTÁ, D.C.",6527,ADMINISTRACION DE EMPRESAS,182,127,126,A2,165,162,152
2021,EK202120116965,F,07,Estrato 2,Secundaria (Bachillerato) completa,Secundaria (Bachillerato) completa,NO,11,"BOGOTÁ, D.C.",11001,"BOGOTÁ, D.C.",11428,CONTADURIA PUBLICA,127,167,132,A2,166,151,149
2021,EK202120117223,F,09,Estrato 3,Primaria incompleta,Primaria incompleta,NO,11,"BOGOTÁ, D.C.",11001,"BOGOTÁ, D.C.",11428,CONTADURIA PUBLICA,124,89,131,A2,119,105,114
2021,EK202120264529,M,08,Estrato 4,Educación profesional completa,Educación profesional completa,NO,11,"BOGOTÁ, D.C.",11001,"BOGOTÁ, D.C.",6527,ADMINISTRACION DE EMPRESAS,224,170,222,B2,221,196,207
2021,EK202120264346,M,08,Estrato 4,Secundaria (Bachillerato) completa,Educación profesional completa,NO,11,"BOGOTÁ, D.C.",11001,"BOGOTÁ, D.C.",6527,ADMINISTRACION DE EMPRESAS,129,203,167,B1,112,131,148
2021,EK202120116893,M,09,Estrato 4,Educación profesional completa,Educación profesional completa,NO,11,"BOGOTÁ, D.C.",11001,"BOGOTÁ, D.C.",11428,CONTADURIA PUBLICA,104,115,127,A2,114,110,114
2021,EK202120263640,M,09,Estrato 5,Postgrado,Educación profesional completa,NO,11,"BOGOTÁ, D.C.",11001,"BOGOTÁ, D.C.",6527,ADMINISTRACION DE EMPRESAS,162,135,177,B1,137,130,148
2021,EK202120117917,F,09,Estrato 3,Secundaria (Bachillerato) incompleta,Secundaria (Bachillerato) completa,NO,11,"BOGOTÁ, D.C.",11001,"BOGOTÁ, D.C.",11428,CONTADURIA PUBLICA,147,175,180,B1,130,140,154
2021,EK202120263601,M,08,Estrato 3,Educación profesional completa,Educación profesional completa,NO,11,"BOGOTÁ, D.C.",11001,"BOGOTÁ, D.C.",6527,ADMINISTRACION DE EMPRESAS,177,129,184,B1,174,194,172
2021,EK202120303853,F,09,Estrato 3,Técnica o tecnológica completa,Secundaria (Bachillerato) completa,NO,11,"BOGOTÁ, D.C.",11001,"BOGOTÁ, D.C.",53703,INGENIERIA INDUSTRIAL,160,140,159,A2,127,172,152
2021,EK202120117809,M,08,NA,Primaria completa,Secundaria (Bachillerato) completa,NO,11,"BOGOTÁ, D.C.",11001,"BOGOTÁ, D.C.",11428,CONTADURIA PUBLICA,153,131,122,A2,160,176,148
2021,EK202120274998,M,09,Estrato 2,Educación profesional completa,Primaria incompleta,NO,11,"BOGOTÁ, D.C.",11001,"BOGOTÁ, D.C.",11004,INGENIERIA CIVIL,118,71,125,A2,113,124,110
2021,EK202120262246,F,09,Estrato 3,Secundaria (Bachillerato) completa,Técnica o tecnológica completa,NO,11,"BOGOTÁ, D.C.",11001,"BOGOTÁ, D.C.",6527,ADMINISTRACION DE EMPRESAS,150,180,165,B1,126,112,147
2021,EK202120264321,M,07,Estrato 5,Educación profesional completa,Educación profesional incompleta,NO,11,"BOGOTÁ, D.C.",11001,"BOGOTÁ, D.C.",6527,ADMINISTRACION DE EMPRESAS,172,185,213,B2,191,196,191
2021,EK202120277512,F,09,Estrato 3,Primaria completa,Secundaria (Bachillerato) incompleta,NO,11,"BOGOTÁ, D.C.",11001,"BOGOTÁ, D.C.",6527,ADMINISTRACION DE EMPRESAS,126,129,123,A2,124,107,122
2021,EK202120104368,M,08,Estrato 2,Secundaria (Bachillerato) completa,Secundaria (Bachillerato) completa,NO,11,"BOGOTÁ, D.C.",11001,"BOGOTÁ, D.C.",11004,INGENIERIA CIVIL,169,137,172,B1,170,200,170
2021,EK202120297967,M,09,NA,Secundaria (Bachillerato) incompleta,Primaria completa,NO,11,"BOGOTÁ, D.C.",11001,"BOGOTÁ, D.C.",6527,ADMINISTRACION DE EMPRESAS,142,161,143,A2,182,182,162
2021,EK202120142407,M,09,Estrato 2,Secundaria (Bachillerato) incompleta,Secundaria (Bachillerato) incompleta,NO,11,"BOGOTÁ, D.C.",11001,"BOGOTÁ, D.C.",10963,RELACIONES INTERNACIONALES Y ESTUDIOS POLITICOS,165,150,158,A2,131,99,141
2021,EK202120206968,M,08,Estrato 3,Postgrado,Postgrado,NO,11,"BOGOTÁ, D.C.",11001,"BOGOTÁ, D.C.",53703,INGENIERIA INDUSTRIAL,194,300,228,B2,218,199,228
2021,EK202120271938,F,09,Estrato 1,Técnica o tecnológica completa,Primaria completa,NO,25,CUNDINAMARCA,25899,ZIPAQUIRÁ,53703,INGENIERIA INDUSTRIAL,170,181,173,B1,144,168,167
2021,EK202120261406,M,08,Estrato 2,Secundaria (Bachillerato) incompleta,Secundaria (Bachillerato) incompleta,NO,11,"BOGOTÁ, D.C.",11001,"BOGOTÁ, D.C.",53703,INGENIERIA INDUSTRIAL,185,189,164,A2,152,148,168
2021,EK202120276936,F,09,Estrato 3,Técnica o tecnológica completa,No sabe,NO,11,"BOGOTÁ, D.C.",11001,"BOGOTÁ, D.C.",53703,INGENIERIA INDUSTRIAL,180,183,179,B1,175,182,180
2021,EK202120215605,M,09,Estrato 3,Secundaria (Bachillerato) incompleta,Secundaria (Bachillerato) incompleta,NO,11,"BOGOTÁ, D.C.",11001,"BOGOTÁ, D.C.",53703,INGENIERIA INDUSTRIAL,187,123,179,B1,180,162,166
2021,EK202120243186,F,08,Estrato 2,Ninguno,Primaria incompleta,NO,11,"BOGOTÁ, D.C.",11001,"BOGOTÁ, D.C.",53703,INGENIERIA INDUSTRIAL,138,110,140,A2,141,95,125
2021,EK202120301244,M,08,Estrato 3,Primaria completa,Primaria completa,NO,11,"BOGOTÁ, D.C.",11001,"BOGOTÁ, D.C.",53703,INGENIERIA INDUSTRIAL,180,171,153,A2,167,192,173
2021,EK202120285207,M,09,Estrato 3,Secundaria (Bachillerato) completa,Secundaria (Bachillerato) completa,NO,11,"BOGOTÁ, D.C.",11001,"BOGOTÁ, D.C.",53703,INGENIERIA INDUSTRIAL,154,113,144,A2,146,182,148
2021,EK202120206926,M,09,Estrato 1,Primaria completa,Técnica o tecnológica incompleta,NO,11,"BOGOTÁ, D.C.",11001,"BOGOTÁ, D.C.",53703,INGENIERIA INDUSTRIAL,142,127,226,B2,112,87,139
2021,EK202120273738,M,09,Estrato 3,Educación profesional completa,Postgrado,NO,11,"BOGOTÁ, D.C.",11001,"BOGOTÁ, D.C.",53703,INGENIERIA INDUSTRIAL,174,145,129,A2,88,198,147
2021,EK202120235211,M,09,Estrato 2,Técnica o tecnológica completa,Técnica o tecnológica completa,NO,11,"BOGOTÁ, D.C.",11001,"BOGOTÁ, D.C.",53703,INGENIERIA INDUSTRIAL,107,127,138,A2,98,115,117
2021,EK202120206541,M,09,Estrato 2,Técnica o tecnológica completa,Secundaria (Bachillerato) incompleta,NO,11,"BOGOTÁ, D.C.",11001,"BOGOTÁ, D.C.",53703,INGENIERIA INDUSTRIAL,209,174,194,B1,170,166,183
2021,EK202120206628,M,09,Estrato 2,Primaria incompleta,Primaria incompleta,NO,11,"BOGOTÁ, D.C.",11001,"BOGOTÁ, D.C.",53703,INGENIERIA INDUSTRIAL,165,116,139,A2,156,163,148
2021,EK202120206437,F,09,Estrato 2,Técnica o tecnológica completa,Educación profesional incompleta,NO,11,"BOGOTÁ, D.C.",11001,"BOGOTÁ, D.C.",53703,INGENIERIA INDUSTRIAL,195,155,180,B1,191,192,183
2021,EK202120272529,F,08,Estrato 3,Técnica o tecnológica completa,Educación profesional incompleta,NO,11,"BOGOTÁ, D.C.",11001,"BOGOTÁ, D.C.",53703,INGENIERIA INDUSTRIAL,134,155,154,A2,123,133,140
2021,EK202120206684,M,09,Estrato 2,Primaria completa,Primaria incompleta,NO,11,"BOGOTÁ, D.C.",11001,"BOGOTÁ, D.C.",53703,INGENIERIA INDUSTRIAL,111,135,116,A1,126,137,125
2021,EK202120273010,M,10,Estrato 3,Secundaria (Bachillerato) completa,Técnica o tecnológica completa,NO,11,"BOGOTÁ, D.C.",11001,"BOGOTÁ, D.C.",53703,INGENIERIA INDUSTRIAL,173,138,146,A2,157,147,152
2021,EK202120207212,M,08,Estrato 4,Educación profesional completa,Educación profesional incompleta,NO,11,"BOGOTÁ, D.C.",11001,"BOGOTÁ, D.C.",53703,INGENIERIA INDUSTRIAL,120,0,159,A2,101,142,104
2021,EK202120235637,M,09,Estrato 4,Técnica o tecnológica completa,Técnica o tecnológica completa,NO,11,"BOGOTÁ, D.C.",11001,"BOGOTÁ, D.C.",53703,INGENIERIA INDUSTRIAL,195,149,204,B2,157,161,173
2021,EK202120262864,M,09,Estrato 3,Educación profesional completa,Postgrado,NO,11,"BOGOTÁ, D.C.",11001,"BOGOTÁ, D.C.",53703,INGENIERIA INDUSTRIAL,78,155,226,B2,147,136,148
2021,EK202120238109,M,09,Estrato 3,Secundaria (Bachillerato) completa,Secundaria (Bachillerato) incompleta,NO,11,"BOGOTÁ, D.C.",11001,"BOGOTÁ, D.C.",53703,INGENIERIA INDUSTRIAL,198,163,165,B1,167,206,180
2021,EK202120271745,M,09,Estrato 2,Secundaria (Bachillerato) incompleta,Secundaria (Bachillerato) completa,NO,11,"BOGOTÁ, D.C.",11001,"BOGOTÁ, D.C.",53703,INGENIERIA INDUSTRIAL,187,151,205,B2,158,186,177
2021,EK202120301293,M,09,Estrato 3,Secundaria (Bachillerato) completa,Secundaria (Bachillerato) incompleta,NO,11,"BOGOTÁ, D.C.",11001,"BOGOTÁ, D.C.",53703,INGENIERIA INDUSTRIAL,165,162,183,B1,172,174,171
2021,EK202120223670,M,09,Estrato 2,Secundaria (Bachillerato) completa,Secundaria (Bachillerato) completa,NO,11,"BOGOTÁ, D.C.",11001,"BOGOTÁ, D.C.",53703,INGENIERIA INDUSTRIAL,162,186,201,B2,154,179,176
2021,EK202120276280,F,09,Estrato 2,Primaria incompleta,Primaria incompleta,NO,11,"BOGOTÁ, D.C.",11001,"BOGOTÁ, D.C.",53703,INGENIERIA INDUSTRIAL,84,129,129,A2,108,145,119
2021,EK202120247250,M,09,Estrato 3,Educación profesional incompleta,Educación profesional incompleta,NO,11,"BOGOTÁ, D.C.",11001,"BOGOTÁ, D.C.",53703,INGENIERIA INDUSTRIAL,180,161,217,B2,167,186,182
2021,EK202120207314,M,09,Estrato 2,Técnica o tecnológica completa,Educación profesional completa,NO,11,"BOGOTÁ, D.C.",11001,"BOGOTÁ, D.C.",53703,INGENIERIA INDUSTRIAL,98,94,182,B1,134,123,126
2021,EK202120236253,F,09,Estrato 2,Educación profesional completa,Educación profesional incompleta,NO,25,CUNDINAMARCA,25175,CHÍA,53703,INGENIERIA INDUSTRIAL,175,117,175,B1,177,198,168
2021,EK202120206738,F,09,Estrato 1,Secundaria (Bachillerato) incompleta,Secundaria (Bachillerato) completa,NO,11,"BOGOTÁ, D.C.",11001,"BOGOTÁ, D.C.",53703,INGENIERIA INDUSTRIAL,139,128,127,A2,142,143,136
2021,EK202120206357,M,09,Estrato 3,Primaria completa,Secundaria (Bachillerato) incompleta,NO,11,"BOGOTÁ, D.C.",11001,"BOGOTÁ, D.C.",53703,INGENIERIA INDUSTRIAL,155,139,165,B1,163,143,153
2021,EK202120142274,F,09,Estrato 3,Primaria completa,Primaria incompleta,NO,11,"BOGOTÁ, D.C.",11001,"BOGOTÁ, D.C.",10963,RELACIONES INTERNACIONALES Y ESTUDIOS POLITICOS,160,173,145,A2,141,123,148
2021,EK202120285708,M,08,Estrato 2,Primaria incompleta,Primaria incompleta,NO,11,"BOGOTÁ, D.C.",11001,"BOGOTÁ, D.C.",105142,INGENIERIA INFORMÁTICA,161,164,156,A2,168,147,159
2021,EK202120285778,F,08,Estrato 4,Postgrado,Secundaria (Bachillerato) completa,NO,11,"BOGOTÁ, D.C.",11001,"BOGOTÁ, D.C.",105142,INGENIERIA INFORMÁTICA,161,185,177,B1,176,197,179
2021,EK202120285697,M,09,Estrato 3,Primaria completa,Secundaria (Bachillerato) completa,NO,11,"BOGOTÁ, D.C.",11001,"BOGOTÁ, D.C.",105142,INGENIERIA INFORMÁTICA,203,159,202,B2,191,193,190
2021,EK202120285773,M,08,Estrato 2,Secundaria (Bachillerato) completa,Primaria completa,NO,11,"BOGOTÁ, D.C.",11001,"BOGOTÁ, D.C.",105142,INGENIERIA INFORMÁTICA,154,136,181,B1,172,179,164
2021,EK202120285762,F,08,Estrato 3,Postgrado,Educación profesional completa,NO,11,"BOGOTÁ, D.C.",11001,"BOGOTÁ, D.C.",105142,INGENIERIA INFORMÁTICA,165,139,176,B1,138,148,153
2021,EK202120285752,M,09,Estrato 3,Secundaria (Bachillerato) incompleta,Secundaria (Bachillerato) incompleta,NO,11,"BOGOTÁ, D.C.",11001,"BOGOTÁ, D.C.",105142,INGENIERIA INFORMÁTICA,144,154,160,A2,137,171,153
2021,EK202120171125,M,10,Estrato 2,Primaria incompleta,Ninguno,NO,11,"BOGOTÁ, D.C.",11001,"BOGOTÁ, D.C.",11004,INGENIERIA CIVIL,141,76,134,A2,114,112,115
2021,EK202120104847,M,09,Estrato 2,Secundaria (Bachillerato) completa,Primaria completa,NO,11,"BOGOTÁ, D.C.",11001,"BOGOTÁ, D.C.",11004,INGENIERIA CIVIL,161,178,201,B2,159,156,171
2021,EK202120105171,M,10,Estrato 1,Educación profesional incompleta,Educación profesional completa,NO,11,"BOGOTÁ, D.C.",11001,"BOGOTÁ, D.C.",11004,INGENIERIA CIVIL,123,114,139,A2,112,122,122
2021,EK202120106320,M,08,Estrato 3,Secundaria (Bachillerato) completa,Secundaria (Bachillerato) completa,NO,11,"BOGOTÁ, D.C.",11001,"BOGOTÁ, D.C.",11004,INGENIERIA CIVIL,77,0,111,A1,120,113,84
2021,EK202120106224,M,10,Estrato 2,Educación profesional completa,Educación profesional completa,NO,11,"BOGOTÁ, D.C.",11001,"BOGOTÁ, D.C.",11004,INGENIERIA CIVIL,177,114,198,B2,166,130,157
2021,EK202120104422,M,10,Estrato 2,Primaria incompleta,Primaria incompleta,NO,11,"BOGOTÁ, D.C.",11001,"BOGOTÁ, D.C.",11004,INGENIERIA CIVIL,123,139,182,B1,135,125,141
2021,EK202120104621,M,10,Estrato 1,Secundaria (Bachillerato) incompleta,Primaria completa,NO,11,"BOGOTÁ, D.C.",11001,"BOGOTÁ, D.C.",11004,INGENIERIA CIVIL,182,121,152,A2,152,169,155
2021,EK202120106200,M,10,Estrato 1,Secundaria (Bachillerato) incompleta,Primaria completa,NO,11,"BOGOTÁ, D.C.",11001,"BOGOTÁ, D.C.",11004,INGENIERIA CIVIL,130,95,129,A2,104,118,115
2021,EK202120106439,M,09,Estrato 1,Técnica o tecnológica completa,Secundaria (Bachillerato) completa,NO,11,"BOGOTÁ, D.C.",11001,"BOGOTÁ, D.C.",11004,INGENIERIA CIVIL,129,119,172,B1,157,172,150
2021,EK202120106628,M,10,Estrato 2,Primaria incompleta,Primaria incompleta,NO,11,"BOGOTÁ, D.C.",11001,"BOGOTÁ, D.C.",11004,INGENIERIA CIVIL,166,115,203,B2,163,169,163
2021,EK202120104986,M,10,Estrato 2,Primaria completa,Primaria incompleta,NO,11,"BOGOTÁ, D.C.",11001,"BOGOTÁ, D.C.",11004,INGENIERIA CIVIL,191,190,155,A2,186,156,176
2021,EK202120104695,M,10,Estrato 2,Primaria completa,Secundaria (Bachillerato) completa,NO,11,"BOGOTÁ, D.C.",11001,"BOGOTÁ, D.C.",11004,INGENIERIA CIVIL,194,0,121,A2,168,185,134
2021,EK202120106431,M,10,Estrato 4,Educación profesional completa,Educación profesional completa,NO,50,META,50001,VILLAVICENCIO,11004,INGENIERIA CIVIL,114,127,176,B1,121,115,131
2021,EK202120103909,F,09,Estrato 2,Primaria completa,No Aplica,NO,11,"BOGOTÁ, D.C.",11001,"BOGOTÁ, D.C.",11004,INGENIERIA CIVIL,146,127,161,A2,107,179,144
2021,EK202120176732,M,09,Estrato 1,Técnica o tecnológica completa,Técnica o tecnológica completa,NO,11,"BOGOTÁ, D.C.",11001,"BOGOTÁ, D.C.",11004,INGENIERIA CIVIL,171,157,189,B1,176,213,181
2021,EK202120104533,M,10,Estrato 1,Educación profesional completa,Postgrado,NO,11,"BOGOTÁ, D.C.",11001,"BOGOTÁ, D.C.",11004,INGENIERIA CIVIL,111,131,139,A2,102,160,129
2021,EK202120106103,F,10,Estrato 3,Educación profesional completa,Secundaria (Bachillerato) completa,NO,11,"BOGOTÁ, D.C.",11001,"BOGOTÁ, D.C.",11004,INGENIERIA CIVIL,149,150,154,A2,140,164,151
2021,EK202120104955,F,10,Estrato 2,Primaria incompleta,Secundaria (Bachillerato) completa,NO,11,"BOGOTÁ, D.C.",11001,"BOGOTÁ, D.C.",11004,INGENIERIA CIVIL,161,173,161,A2,121,151,153
2021,EK202120106275,M,09,Estrato 3,Educación profesional completa,Educación profesional completa,NO,11,"BOGOTÁ, D.C.",11001,"BOGOTÁ, D.C.",11004,INGENIERIA CIVIL,193,92,174,B1,190,208,171
2021,EK202120257441,M,10,Estrato 2,Secundaria (Bachillerato) incompleta,No sabe,NO,11,"BOGOTÁ, D.C.",11001,"BOGOTÁ, D.C.",11004,INGENIERIA CIVIL,180,74,179,B1,182,193,162
2021,EK202120106676,M,10,Estrato 3,Primaria incompleta,Primaria incompleta,NO,11,"BOGOTÁ, D.C.",11001,"BOGOTÁ, D.C.",11004,INGENIERIA CIVIL,112,89,134,A2,114,114,113
2021,EK202120106309,M,10,Estrato 5,Técnica o tecnológica completa,Postgrado,NO,11,"BOGOTÁ, D.C.",11001,"BOGOTÁ, D.C.",11004,INGENIERIA CIVIL,125,103,181,B1,122,103,127
2021,EK202120105986,M,09,Estrato 2,Primaria incompleta,Primaria incompleta,NO,11,"BOGOTÁ, D.C.",11001,"BOGOTÁ, D.C.",11004,INGENIERIA CIVIL,87,134,127,A2,120,126,119
2021,EK202120218183,M,09,Estrato 3,Secundaria (Bachillerato) incompleta,Educación profesional incompleta,NO,11,"BOGOTÁ, D.C.",11001,"BOGOTÁ, D.C.",11004,INGENIERIA CIVIL,131,133,135,A2,116,130,129
2021,EK202120106288,M,09,Estrato 4,Primaria incompleta,Primaria incompleta,NO,11,"BOGOTÁ, D.C.",11001,"BOGOTÁ, D.C.",11004,INGENIERIA CIVIL,197,154,180,B1,166,181,176
2021,EK202120104925,M,10,Estrato 3,Técnica o tecnológica completa,Secundaria (Bachillerato) completa,NO,11,"BOGOTÁ, D.C.",11001,"BOGOTÁ, D.C.",11004,INGENIERIA CIVIL,165,118,193,B1,129,198,161
2021,EK202120105013,F,09,Estrato 4,Educación profesional completa,Postgrado,NO,11,"BOGOTÁ, D.C.",11001,"BOGOTÁ, D.C.",11004,INGENIERIA CIVIL,131,181,190,B1,162,163,165
2021,EK202120106693,F,09,Estrato 3,Secundaria (Bachillerato) incompleta,Técnica o tecnológica completa,NO,11,"BOGOTÁ, D.C.",11001,"BOGOTÁ, D.C.",11004,INGENIERIA CIVIL,145,155,140,A2,133,143,143
2021,EK202120104916,M,09,Estrato 3,Ninguno,Ninguno,NO,11,"BOGOTÁ, D.C.",11001,"BOGOTÁ, D.C.",11004,INGENIERIA CIVIL,170,88,176,B1,116,132,136
2021,EK202120104595,M,09,Estrato 3,Primaria incompleta,Primaria incompleta,NO,11,"BOGOTÁ, D.C.",11001,"BOGOTÁ, D.C.",11004,INGENIERIA CIVIL,129,121,164,A2,130,106,130
2021,EK202120106471,M,09,Estrato 3,Secundaria (Bachillerato) completa,Secundaria (Bachillerato) incompleta,NO,11,"BOGOTÁ, D.C.",11001,"BOGOTÁ, D.C.",11004,INGENIERIA CIVIL,121,134,121,A2,117,115,122
2021,EK202120106550,M,10,Estrato 3,Secundaria (Bachillerato) incompleta,Educación profesional completa,NO,11,"BOGOTÁ, D.C.",11001,"BOGOTÁ, D.C.",11004,INGENIERIA CIVIL,161,120,170,B1,135,171,151
2021,EK202120104523,M,09,Estrato 2,Secundaria (Bachillerato) incompleta,Secundaria (Bachillerato) incompleta,NO,15,BOYACÁ,15001,TUNJA,11004,INGENIERIA CIVIL,117,161,127,A2,158,160,145
2021,EK202120105305,M,09,Estrato 2,Primaria completa,Primaria completa,NO,11,"BOGOTÁ, D.C.",11001,"BOGOTÁ, D.C.",11004,INGENIERIA CIVIL,104,0,137,A2,122,135,100
2021,EK202120104484,M,10,Estrato 2,Primaria incompleta,Primaria incompleta,NO,11,"BOGOTÁ, D.C.",11001,"BOGOTÁ, D.C.",11004,INGENIERIA CIVIL,140,133,122,A2,135,151,136
2021,EK202120103993,M,09,Estrato 3,Secundaria (Bachillerato) completa,Secundaria (Bachillerato) incompleta,NO,11,"BOGOTÁ, D.C.",11001,"BOGOTÁ, D.C.",11004,INGENIERIA CIVIL,157,155,173,B1,158,179,164
2021,EK202120104685,M,10,Estrato 1,Ninguno,Primaria incompleta,NO,11,"BOGOTÁ, D.C.",11001,"BOGOTÁ, D.C.",11004,INGENIERIA CIVIL,146,143,122,A2,100,104,123
2021,EK202120106608,F,09,Estrato 2,Educación profesional incompleta,Postgrado,NO,11,"BOGOTÁ, D.C.",11001,"BOGOTÁ, D.C.",11004,INGENIERIA CIVIL,119,122,169,B1,136,169,143
2021,EK202120106384,F,10,Estrato 2,Secundaria (Bachillerato) completa,Secundaria (Bachillerato) completa,NO,11,"BOGOTÁ, D.C.",11001,"BOGOTÁ, D.C.",11004,INGENIERIA CIVIL,117,140,143,A2,135,184,144
2021,EK202120118204,M,10,Estrato 2,Primaria completa,No sabe,NO,11,"BOGOTÁ, D.C.",11001,"BOGOTÁ, D.C.",11004,INGENIERIA CIVIL,98,84,142,A2,98,95,103
2021,EK202120105234,M,09,Estrato 1,Primaria incompleta,Primaria incompleta,NO,11,"BOGOTÁ, D.C.",11001,"BOGOTÁ, D.C.",11004,INGENIERIA CIVIL,181,155,130,A2,180,200,169
2021,EK202120104884,M,09,Estrato 3,Educación profesional completa,Educación profesional completa,NO,11,"BOGOTÁ, D.C.",11001,"BOGOTÁ, D.C.",11004,INGENIERIA CIVIL,210,169,185,B1,202,209,195
2021,EK202120104288,F,09,Estrato 1,Primaria incompleta,Primaria incompleta,NO,11,"BOGOTÁ, D.C.",11001,"BOGOTÁ, D.C.",11004,INGENIERIA CIVIL,136,161,162,A2,155,145,152
2021,EK202120105178,M,10,Estrato 3,Secundaria (Bachillerato) incompleta,Primaria incompleta,NO,11,"BOGOTÁ, D.C.",11001,"BOGOTÁ, D.C.",11004,INGENIERIA CIVIL,85,0,157,A2,81,92,83
2021,EK202120118029,F,10,Estrato 2,Primaria incompleta,Secundaria (Bachillerato) incompleta,NO,11,"BOGOTÁ, D.C.",11001,"BOGOTÁ, D.C.",11004,INGENIERIA CIVIL,151,150,136,A2,134,161,146
2021,EK202120105254,M,10,Estrato 3,Postgrado,Postgrado,NO,11,"BOGOTÁ, D.C.",11001,"BOGOTÁ, D.C.",11004,INGENIERIA CIVIL,155,130,174,B1,154,187,160
2021,EK202120106565,M,11,Estrato 1,Secundaria (Bachillerato) completa,Postgrado,NO,11,"BOGOTÁ, D.C.",11001,"BOGOTÁ, D.C.",11004,INGENIERIA CIVIL,179,83,183,B1,189,207,168
2021,EK202120104945,F,10,Estrato 1,Secundaria (Bachillerato) incompleta,Secundaria (Bachillerato) completa,NO,11,"BOGOTÁ, D.C.",11001,"BOGOTÁ, D.C.",11004,INGENIERIA CIVIL,149,100,207,B2,142,172,154
2021,EK202120104666,M,10,Estrato 4,Primaria incompleta,Primaria incompleta,NO,11,"BOGOTÁ, D.C.",11001,"BOGOTÁ, D.C.",11004,INGENIERIA CIVIL,166,114,127,A2,146,190,149
2021,EK202120105202,F,09,Estrato 4,Postgrado,Técnica o tecnológica completa,NO,11,"BOGOTÁ, D.C.",11001,"BOGOTÁ, D.C.",11004,INGENIERIA CIVIL,198,181,211,B2,200,216,201
2021,EK202120104632,M,09,Estrato 2,Secundaria (Bachillerato) completa,Secundaria (Bachillerato) completa,NO,11,"BOGOTÁ, D.C.",11001,"BOGOTÁ, D.C.",11004,INGENIERIA CIVIL,93,131,152,A2,129,123,126
2021,EK202120105976,M,10,Estrato 1,Primaria completa,Primaria completa,NO,11,"BOGOTÁ, D.C.",11001,"BOGOTÁ, D.C.",11004,INGENIERIA CIVIL,133,103,112,A1,108,124,116
2021,EK202120106364,M,10,Estrato 3,Primaria incompleta,No sabe,NO,11,"BOGOTÁ, D.C.",11001,"BOGOTÁ, D.C.",11004,INGENIERIA CIVIL,115,143,197,B2,120,132,141
2021,EK202120104649,F,09,Estrato 1,Secundaria (Bachillerato) completa,Primaria incompleta,NO,11,"BOGOTÁ, D.C.",11001,"BOGOTÁ, D.C.",11004,INGENIERIA CIVIL,103,82,142,A2,111,120,112
2021,EK202120104760,F,09,Estrato 2,Secundaria (Bachillerato) incompleta,Secundaria (Bachillerato) incompleta,NO,11,"BOGOTÁ, D.C.",11001,"BOGOTÁ, D.C.",11004,INGENIERIA CIVIL,164,0,166,B1,189,157,135
2021,EK202120117869,M,09,Estrato 2,Secundaria (Bachillerato) completa,Secundaria (Bachillerato) completa,NO,11,"BOGOTÁ, D.C.",11001,"BOGOTÁ, D.C.",11004,INGENIERIA CIVIL,137,121,178,B1,128,161,145
2021,EK202120104572,F,10,Estrato 2,Técnica o tecnológica completa,Primaria incompleta,NO,11,"BOGOTÁ, D.C.",11001,"BOGOTÁ, D.C.",11004,INGENIERIA CIVIL,150,131,142,A2,157,158,148
2021,EK202120104862,M,10,Estrato 2,Postgrado,Primaria incompleta,NO,11,"BOGOTÁ, D.C.",11001,"BOGOTÁ, D.C.",11004,INGENIERIA CIVIL,142,100,161,A2,148,185,147
2021,EK202120106572,F,09,Estrato 2,Primaria completa,Secundaria (Bachillerato) incompleta,NO,11,"BOGOTÁ, D.C.",11001,"BOGOTÁ, D.C.",11004,INGENIERIA CIVIL,154,172,177,B1,154,179,167
2021,EK202120106142,M,10,Estrato 3,Secundaria (Bachillerato) completa,Secundaria (Bachillerato) completa,NO,11,"BOGOTÁ, D.C.",11001,"BOGOTÁ, D.C.",11004,INGENIERIA CIVIL,141,175,163,A2,147,162,158
2021,EK202120106529,M,09,Estrato 2,Primaria incompleta,Secundaria (Bachillerato) incompleta,NO,11,"BOGOTÁ, D.C.",11001,"BOGOTÁ, D.C.",11004,INGENIERIA CIVIL,130,154,159,A2,132,154,146
2021,EK202120104728,F,10,Estrato 2,Educación profesional completa,Postgrado,NO,11,"BOGOTÁ, D.C.",11001,"BOGOTÁ, D.C.",11004,INGENIERIA CIVIL,132,116,148,A2,118,146,132
2021,EK202120117980,M,09,Estrato 2,Primaria incompleta,Primaria incompleta,NO,11,"BOGOTÁ, D.C.",11001,"BOGOTÁ, D.C.",11004,INGENIERIA CIVIL,120,168,140,A2,127,151,141
2021,EK202120218001,M,09,Estrato 3,Educación profesional completa,Técnica o tecnológica completa,NO,11,"BOGOTÁ, D.C.",11001,"BOGOTÁ, D.C.",11004,INGENIERIA CIVIL,200,198,196,B2,206,219,204
2021,EK202120104147,M,10,Estrato 4,Postgrado,Educación profesional completa,NO,11,"BOGOTÁ, D.C.",11001,"BOGOTÁ, D.C.",11004,INGENIERIA CIVIL,174,121,196,B2,136,145,154
2021,EK202120171325,M,09,Estrato 2,Secundaria (Bachillerato) completa,No sabe,NO,11,"BOGOTÁ, D.C.",11001,"BOGOTÁ, D.C.",11004,INGENIERIA CIVIL,166,187,141,A2,163,215,174
2021,EK202120270619,M,09,Estrato 2,Primaria incompleta,Primaria incompleta,NO,11,"BOGOTÁ, D.C.",11001,"BOGOTÁ, D.C.",11004,INGENIERIA CIVIL,112,93,158,A2,130,124,123
2021,EK202120104560,M,09,Estrato 3,Secundaria (Bachillerato) incompleta,Secundaria (Bachillerato) completa,NO,11,"BOGOTÁ, D.C.",11001,"BOGOTÁ, D.C.",11004,INGENIERIA CIVIL,204,125,136,A2,166,167,160
2021,EK202120104181,M,10,Estrato 3,Secundaria (Bachillerato) incompleta,Secundaria (Bachillerato) incompleta,NO,11,"BOGOTÁ, D.C.",11001,"BOGOTÁ, D.C.",11004,INGENIERIA CIVIL,157,164,177,B1,163,207,174
2021,EK202120106074,M,09,Estrato 2,Primaria incompleta,Primaria incompleta,NO,11,"BOGOTÁ, D.C.",11001,"BOGOTÁ, D.C.",11004,INGENIERIA CIVIL,141,132,185,B1,120,170,150
2021,EK202120218103,F,09,Estrato 2,Secundaria (Bachillerato) incompleta,Secundaria (Bachillerato) completa,NO,11,"BOGOTÁ, D.C.",11001,"BOGOTÁ, D.C.",11004,INGENIERIA CIVIL,85,91,123,A2,103,78,96
2021,EK202120106052,F,10,Estrato 2,Primaria completa,Primaria completa,NO,11,"BOGOTÁ, D.C.",11001,"BOGOTÁ, D.C.",11004,INGENIERIA CIVIL,171,92,144,A2,135,146,138
2021,EK202120106004,F,09,Estrato 2,Primaria incompleta,No sabe,NO,11,"BOGOTÁ, D.C.",11001,"BOGOTÁ, D.C.",11004,INGENIERIA CIVIL,163,160,148,A2,170,154,159
2021,EK202120103955,M,09,Estrato 3,Secundaria (Bachillerato) completa,Primaria completa,NO,11,"BOGOTÁ, D.C.",11001,"BOGOTÁ, D.C.",11004,INGENIERIA CIVIL,199,156,187,B1,161,197,180
2021,EK202120104098,M,09,Estrato 1,Secundaria (Bachillerato) incompleta,Secundaria (Bachillerato) completa,NO,11,"BOGOTÁ, D.C.",11001,"BOGOTÁ, D.C.",11004,INGENIERIA CIVIL,153,92,148,A2,130,164,137
2021,EK202120106599,M,10,Estrato 2,Primaria incompleta,Primaria incompleta,NO,11,"BOGOTÁ, D.C.",11001,"BOGOTÁ, D.C.",11004,INGENIERIA CIVIL,179,134,139,A2,126,148,145
2021,EK202120106655,M,09,Estrato 3,Primaria incompleta,Primaria completa,NO,11,"BOGOTÁ, D.C.",11001,"BOGOTÁ, D.C.",11004,INGENIERIA CIVIL,154,101,126,A2,125,124,126
2021,EK202120104311,M,09,Estrato 2,Primaria incompleta,Ninguno,NO,11,"BOGOTÁ, D.C.",11001,"BOGOTÁ, D.C.",11004,INGENIERIA CIVIL,80,134,115,A1,107,115,110
2021,EK202120106581,M,10,Estrato 2,Primaria incompleta,Primaria incompleta,NO,11,"BOGOTÁ, D.C.",11001,"BOGOTÁ, D.C.",11004,INGENIERIA CIVIL,121,0,140,A2,118,152,106
2021,EK202120286821,M,09,Estrato 2,Ninguno,Secundaria (Bachillerato) completa,NO,11,"BOGOTÁ, D.C.",11001,"BOGOTÁ, D.C.",11004,INGENIERIA CIVIL,87,128,132,A2,109,87,109
2021,EK202120105220,F,10,NA,NA,NA,NO,11,"BOGOTÁ, D.C.",11001,"BOGOTÁ, D.C.",11004,INGENIERIA CIVIL,143,126,126,A2,174,124,139
2021,EK202120118722,M,09,Estrato 3,Secundaria (Bachillerato) incompleta,Técnica o tecnológica incompleta,NO,11,"BOGOTÁ, D.C.",11001,"BOGOTÁ, D.C.",11004,INGENIERIA CIVIL,86,151,149,A2,128,134,130
2021,EK202120105005,M,09,Estrato 3,Primaria incompleta,Primaria incompleta,NO,11,"BOGOTÁ, D.C.",11001,"BOGOTÁ, D.C.",11004,INGENIERIA CIVIL,118,84,135,A2,142,116,119
2021,EK202120104842,M,09,Estrato 2,Primaria incompleta,Primaria incompleta,NO,11,"BOGOTÁ, D.C.",11001,"BOGOTÁ, D.C.",11004,INGENIERIA CIVIL,159,145,128,A2,135,128,139
2021,EK202120104326,F,09,Estrato 2,Secundaria (Bachillerato) completa,Primaria completa,NO,11,"BOGOTÁ, D.C.",11001,"BOGOTÁ, D.C.",11004,INGENIERIA CIVIL,151,124,183,B1,155,201,163
2021,EK202120104261,F,10,Estrato 2,Técnica o tecnológica incompleta,Secundaria (Bachillerato) incompleta,NO,11,"BOGOTÁ, D.C.",11001,"BOGOTÁ, D.C.",11004,INGENIERIA CIVIL,123,124,152,A2,122,130,130
2021,EK202120105951,F,10,Estrato 5,Secundaria (Bachillerato) incompleta,Ninguno,NO,11,"BOGOTÁ, D.C.",11001,"BOGOTÁ, D.C.",11004,INGENIERIA CIVIL,192,124,157,A2,184,207,173
2021,EK202120104835,M,10,Estrato 2,Primaria incompleta,Primaria incompleta,NO,11,"BOGOTÁ, D.C.",11001,"BOGOTÁ, D.C.",11004,INGENIERIA CIVIL,111,121,150,A2,142,148,134
2021,EK202120104405,M,09,Estrato 1,Técnica o tecnológica incompleta,Técnica o tecnológica incompleta,NO,11,"BOGOTÁ, D.C.",11001,"BOGOTÁ, D.C.",11004,INGENIERIA CIVIL,88,111,188,B1,133,175,139
2021,EK202120118679,M,09,Estrato 1,Primaria incompleta,Primaria incompleta,NO,11,"BOGOTÁ, D.C.",11001,"BOGOTÁ, D.C.",11004,INGENIERIA CIVIL,79,96,162,A2,167,181,137
2021,EK202120104114,M,09,Estrato 4,Técnica o tecnológica incompleta,Secundaria (Bachillerato) incompleta,NO,11,"BOGOTÁ, D.C.",11001,"BOGOTÁ, D.C.",11004,INGENIERIA CIVIL,143,79,151,A2,117,129,124
2021,EK202120103610,M,10,Estrato 4,Educación profesional completa,Educación profesional completa,NO,11,"BOGOTÁ, D.C.",11001,"BOGOTÁ, D.C.",11004,INGENIERIA CIVIL,136,160,179,B1,156,180,162
2021,EK202120104949,F,09,Estrato 3,Secundaria (Bachillerato) incompleta,Secundaria (Bachillerato) incompleta,NO,11,"BOGOTÁ, D.C.",11001,"BOGOTÁ, D.C.",11004,INGENIERIA CIVIL,160,160,160,A2,175,161,163
2021,EK202120104800,F,10,Estrato 3,Secundaria (Bachillerato) completa,Secundaria (Bachillerato) completa,NO,11,"BOGOTÁ, D.C.",11001,"BOGOTÁ, D.C.",11004,INGENIERIA CIVIL,96,141,146,A2,143,173,140
2021,EK202120104608,M,10,Estrato 2,Secundaria (Bachillerato) incompleta,Secundaria (Bachillerato) completa,NO,11,"BOGOTÁ, D.C.",11001,"BOGOTÁ, D.C.",11004,INGENIERIA CIVIL,142,65,153,A2,130,112,120
2021,EK202120104906,M,10,Estrato 2,Secundaria (Bachillerato) incompleta,Primaria incompleta,NO,11,"BOGOTÁ, D.C.",11001,"BOGOTÁ, D.C.",11004,INGENIERIA CIVIL,175,172,144,A2,148,201,168
2021,EK202120104716,F,10,Estrato 4,Secundaria (Bachillerato) incompleta,Secundaria (Bachillerato) completa,NO,11,"BOGOTÁ, D.C.",11001,"BOGOTÁ, D.C.",11004,INGENIERIA CIVIL,137,161,204,B2,170,155,165
2021,EK202120104975,F,09,Estrato 2,Técnica o tecnológica completa,Técnica o tecnológica completa,NO,11,"BOGOTÁ, D.C.",11001,"BOGOTÁ, D.C.",11004,INGENIERIA CIVIL,133,153,118,A1,107,124,127
2021,EK202120106338,M,09,Estrato 2,Secundaria (Bachillerato) incompleta,Secundaria (Bachillerato) incompleta,NO,11,"BOGOTÁ, D.C.",11001,"BOGOTÁ, D.C.",11004,INGENIERIA CIVIL,144,121,159,A2,131,171,145
2021,EK202120274278,F,10,Estrato 4,Secundaria (Bachillerato) completa,Secundaria (Bachillerato) completa,NO,11,"BOGOTÁ, D.C.",11001,"BOGOTÁ, D.C.",11004,INGENIERIA CIVIL,149,89,143,A2,131,170,136
2021,EK202120106116,M,10,Estrato 3,Primaria completa,Primaria incompleta,NO,11,"BOGOTÁ, D.C.",11001,"BOGOTÁ, D.C.",11004,INGENIERIA CIVIL,136,84,138,A2,137,143,128
2021,EK202120106494,M,10,Estrato 3,Primaria incompleta,Ninguno,NO,11,"BOGOTÁ, D.C.",11001,"BOGOTÁ, D.C.",11004,INGENIERIA CIVIL,162,107,148,A2,137,135,138
2021,EK202120104232,M,11,Estrato 2,Técnica o tecnológica incompleta,Educación profesional incompleta,NO,11,"BOGOTÁ, D.C.",11001,"BOGOTÁ, D.C.",11004,INGENIERIA CIVIL,161,86,127,A2,168,167,142
2021,EK202120106664,F,10,Estrato 2,Primaria completa,Primaria incompleta,NO,11,"BOGOTÁ, D.C.",11001,"BOGOTÁ, D.C.",11004,INGENIERIA CIVIL,98,157,118,A1,138,124,127
2021,EK202120106450,F,09,Estrato 2,Técnica o tecnológica completa,Técnica o tecnológica incompleta,NO,11,"BOGOTÁ, D.C.",11001,"BOGOTÁ, D.C.",11004,INGENIERIA CIVIL,145,116,138,A2,167,149,143
2021,EK202120290212,M,09,Estrato 3,Técnica o tecnológica completa,Educación profesional completa,NO,11,"BOGOTÁ, D.C.",11001,"BOGOTÁ, D.C.",11004,INGENIERIA CIVIL,130,0,141,A2,115,147,107
2021,EK202120103651,M,10,Estrato 3,Primaria incompleta,Primaria incompleta,NO,11,"BOGOTÁ, D.C.",11001,"BOGOTÁ, D.C.",11004,INGENIERIA CIVIL,154,159,162,A2,148,137,152
2021,EK202120104048,F,09,Estrato 2,Primaria incompleta,Primaria incompleta,NO,11,"BOGOTÁ, D.C.",11001,"BOGOTÁ, D.C.",11004,INGENIERIA CIVIL,157,0,110,A1,132,132,106
2021,EK202120264109,F,09,Estrato 3,Técnica o tecnológica incompleta,Secundaria (Bachillerato) incompleta,NO,11,"BOGOTÁ, D.C.",11001,"BOGOTÁ, D.C.",6527,ADMINISTRACION DE EMPRESAS,127,132,156,A2,122,148,137
2021,EK202120141923,F,09,Estrato 4,Técnica o tecnológica incompleta,Postgrado,NO,11,"BOGOTÁ, D.C.",11001,"BOGOTÁ, D.C.",10963,RELACIONES INTERNACIONALES Y ESTUDIOS POLITICOS,194,98,158,A2,170,145,153
2021,EK202120264938,M,09,Estrato 3,Técnica o tecnológica incompleta,Secundaria (Bachillerato) completa,NO,11,"BOGOTÁ, D.C.",11001,"BOGOTÁ, D.C.",6527,ADMINISTRACION DE EMPRESAS,109,119,79,A1,83,79,94
2021,EK202120262741,M,08,Estrato 3,Primaria incompleta,Primaria incompleta,NO,11,"BOGOTÁ, D.C.",11001,"BOGOTÁ, D.C.",6527,ADMINISTRACION DE EMPRESAS,104,121,164,A2,122,155,133
2021,EK202120262307,M,09,Estrato 5,Primaria incompleta,Educación profesional completa,NO,11,"BOGOTÁ, D.C.",11001,"BOGOTÁ, D.C.",6527,ADMINISTRACION DE EMPRESAS,115,192,133,A2,143,155,148
2021,EK202120264092,F,08,Estrato 6,Educación profesional completa,Educación profesional completa,NO,11,"BOGOTÁ, D.C.",11001,"BOGOTÁ, D.C.",6527,ADMINISTRACION DE EMPRESAS,93,79,161,A2,70,103,101
2021,EK202120264262,M,07,Estrato 3,Secundaria (Bachillerato) completa,Secundaria (Bachillerato) completa,NO,11,"BOGOTÁ, D.C.",11001,"BOGOTÁ, D.C.",6527,ADMINISTRACION DE EMPRESAS,77,0,187,B1,92,130,97
2021,EK202120291192,F,10,Estrato 3,Secundaria (Bachillerato) completa,Secundaria (Bachillerato) incompleta,NO,11,"BOGOTÁ, D.C.",11001,"BOGOTÁ, D.C.",6527,ADMINISTRACION DE EMPRESAS,178,135,133,A2,199,166,162
2021,EK202120263701,F,09,Estrato 6,Educación profesional completa,Educación profesional completa,NO,11,"BOGOTÁ, D.C.",11001,"BOGOTÁ, D.C.",6527,ADMINISTRACION DE EMPRESAS,126,152,173,B1,154,130,147
2021,EK202120262072,M,09,Estrato 3,Secundaria (Bachillerato) incompleta,Secundaria (Bachillerato) incompleta,NO,11,"BOGOTÁ, D.C.",11001,"BOGOTÁ, D.C.",6527,ADMINISTRACION DE EMPRESAS,150,162,147,A2,156,135,150
2021,EK202120262676,F,09,Estrato 3,Técnica o tecnológica completa,Educación profesional completa,NO,11,"BOGOTÁ, D.C.",11001,"BOGOTÁ, D.C.",6527,ADMINISTRACION DE EMPRESAS,108,111,154,A2,68,130,114
2021,EK202120263089,F,09,Estrato 5,Educación profesional completa,Secundaria (Bachillerato) incompleta,NO,11,"BOGOTÁ, D.C.",11001,"BOGOTÁ, D.C.",6527,ADMINISTRACION DE EMPRESAS,174,142,210,B2,207,179,182
2021,EK202120262614,F,09,Estrato 3,Técnica o tecnológica completa,Secundaria (Bachillerato) incompleta,NO,11,"BOGOTÁ, D.C.",11001,"BOGOTÁ, D.C.",6527,ADMINISTRACION DE EMPRESAS,114,137,126,A2,107,119,121
2021,EK202120262353,M,09,Estrato 3,Primaria incompleta,Primaria incompleta,NO,11,"BOGOTÁ, D.C.",11001,"BOGOTÁ, D.C.",6527,ADMINISTRACION DE EMPRESAS,165,94,132,A2,110,121,124
2021,EK202120263279,M,09,Estrato 3,Secundaria (Bachillerato) completa,Secundaria (Bachillerato) completa,NO,11,"BOGOTÁ, D.C.",11001,"BOGOTÁ, D.C.",6527,ADMINISTRACION DE EMPRESAS,131,162,126,A2,126,109,131
2021,EK202120263965,M,08,Estrato 4,Secundaria (Bachillerato) incompleta,Secundaria (Bachillerato) incompleta,NO,11,"BOGOTÁ, D.C.",11001,"BOGOTÁ, D.C.",6527,ADMINISTRACION DE EMPRESAS,155,165,137,A2,141,147,149
2021,EK202120262877,F,09,Estrato 2,Ninguno,Ninguno,NO,11,"BOGOTÁ, D.C.",11001,"BOGOTÁ, D.C.",6527,ADMINISTRACION DE EMPRESAS,93,149,126,A2,120,142,126
2021,EK202120264280,M,09,Estrato 2,Primaria incompleta,Primaria incompleta,NO,11,"BOGOTÁ, D.C.",11001,"BOGOTÁ, D.C.",6527,ADMINISTRACION DE EMPRESAS,190,153,160,A2,155,180,168
2021,EK202120262559,F,09,Estrato 3,Primaria incompleta,Educación profesional completa,NO,11,"BOGOTÁ, D.C.",11001,"BOGOTÁ, D.C.",6527,ADMINISTRACION DE EMPRESAS,146,174,138,A2,134,136,146
2021,EK202120264333,M,08,Estrato 2,Primaria incompleta,Primaria incompleta,NO,11,"BOGOTÁ, D.C.",11001,"BOGOTÁ, D.C.",6527,ADMINISTRACION DE EMPRESAS,156,132,176,B1,131,153,150
2021,EK202120263223,M,08,Estrato 3,Secundaria (Bachillerato) completa,Primaria completa,NO,11,"BOGOTÁ, D.C.",11001,"BOGOTÁ, D.C.",6527,ADMINISTRACION DE EMPRESAS,118,138,109,A1,134,127,125
2021,EK202120262872,M,09,NA,NA,NA,NO,11,"BOGOTÁ, D.C.",11001,"BOGOTÁ, D.C.",6527,ADMINISTRACION DE EMPRESAS,188,158,120,A1,179,158,161
2021,EK202120117109,F,09,Estrato 3,Secundaria (Bachillerato) completa,Educación profesional incompleta,NO,11,"BOGOTÁ, D.C.",11001,"BOGOTÁ, D.C.",11428,CONTADURIA PUBLICA,113,168,148,A2,122,176,145
2021,EK202120142436,F,08,Estrato 3,Técnica o tecnológica completa,No sabe,NO,11,"BOGOTÁ, D.C.",11001,"BOGOTÁ, D.C.",10963,RELACIONES INTERNACIONALES Y ESTUDIOS POLITICOS,182,142,195,B1,183,164,173
2021,EK202120140147,F,08,Estrato 3,Secundaria (Bachillerato) completa,Secundaria (Bachillerato) completa,NO,11,"BOGOTÁ, D.C.",11001,"BOGOTÁ, D.C.",10963,RELACIONES INTERNACIONALES Y ESTUDIOS POLITICOS,149,157,150,A2,158,155,154
2021,EK202120302464,M,08,Estrato 2,Primaria completa,Primaria completa,NO,11,"BOGOTÁ, D.C.",11001,"BOGOTÁ, D.C.",10963,RELACIONES INTERNACIONALES Y ESTUDIOS POLITICOS,79,0,130,A2,74,89,74
2021,EK202120140137,F,07,Estrato 3,Técnica o tecnológica completa,Primaria incompleta,NO,11,"BOGOTÁ, D.C.",11001,"BOGOTÁ, D.C.",10963,RELACIONES INTERNACIONALES Y ESTUDIOS POLITICOS,139,196,156,A2,175,162,166
2021,EK202120225071,F,09,Estrato 3,Primaria incompleta,Primaria incompleta,NO,11,"BOGOTÁ, D.C.",11001,"BOGOTÁ, D.C.",10963,RELACIONES INTERNACIONALES Y ESTUDIOS POLITICOS,144,124,128,A2,133,124,131
2021,EK202120140196,M,08,Estrato 2,Secundaria (Bachillerato) completa,Secundaria (Bachillerato) completa,NO,11,"BOGOTÁ, D.C.",11001,"BOGOTÁ, D.C.",10963,RELACIONES INTERNACIONALES Y ESTUDIOS POLITICOS,179,133,139,A2,160,134,149
2021,EK202120203075,M,07,Estrato 2,Primaria incompleta,Primaria incompleta,NO,11,"BOGOTÁ, D.C.",11001,"BOGOTÁ, D.C.",10963,RELACIONES INTERNACIONALES Y ESTUDIOS POLITICOS,128,132,140,A2,99,89,118
2021,EK202120306155,M,08,NA,NA,NA,NO,11,"BOGOTÁ, D.C.",11001,"BOGOTÁ, D.C.",10963,RELACIONES INTERNACIONALES Y ESTUDIOS POLITICOS,134,158,134,A2,167,146,148
2021,EK202120140224,M,09,NA,NA,NA,NO,11,"BOGOTÁ, D.C.",11001,"BOGOTÁ, D.C.",10963,RELACIONES INTERNACIONALES Y ESTUDIOS POLITICOS,139,181,0,A1,196,171,137
2021,EK202120141597,M,08,Estrato 3,Secundaria (Bachillerato) completa,Primaria incompleta,NO,11,"BOGOTÁ, D.C.",11001,"BOGOTÁ, D.C.",10963,RELACIONES INTERNACIONALES Y ESTUDIOS POLITICOS,119,189,180,B1,188,120,159
2021,EK202120140118,M,09,Estrato 5,Postgrado,Postgrado,NO,11,"BOGOTÁ, D.C.",11001,"BOGOTÁ, D.C.",10963,RELACIONES INTERNACIONALES Y ESTUDIOS POLITICOS,131,153,152,A2,129,123,138
2021,EK202120140289,M,08,Estrato 4,Secundaria (Bachillerato) incompleta,Secundaria (Bachillerato) completa,NO,11,"BOGOTÁ, D.C.",11001,"BOGOTÁ, D.C.",10963,RELACIONES INTERNACIONALES Y ESTUDIOS POLITICOS,172,172,155,A2,156,158,163
2021,EK202120140344,M,08,NA,NA,NA,NO,11,"BOGOTÁ, D.C.",11001,"BOGOTÁ, D.C.",10963,RELACIONES INTERNACIONALES Y ESTUDIOS POLITICOS,137,162,0,A1,184,183,133
2021,EK202120140256,M,09,Estrato 4,Secundaria (Bachillerato) completa,Educación profesional completa,NO,25,CUNDINAMARCA,25290,FUSAGASUGÁ,10963,RELACIONES INTERNACIONALES Y ESTUDIOS POLITICOS,154,169,132,A2,150,112,143
2021,EK202120141742,F,09,Estrato 4,Educación profesional incompleta,Educación profesional incompleta,NO,11,"BOGOTÁ, D.C.",11001,"BOGOTÁ, D.C.",10963,RELACIONES INTERNACIONALES Y ESTUDIOS POLITICOS,132,91,197,B2,110,96,125
2021,EK202120140354,M,08,Estrato 3,Primaria incompleta,Primaria incompleta,NO,11,"BOGOTÁ, D.C.",11001,"BOGOTÁ, D.C.",10963,RELACIONES INTERNACIONALES Y ESTUDIOS POLITICOS,180,99,171,B1,157,129,147
2021,EK202120140424,M,09,Estrato 1,Secundaria (Bachillerato) completa,Primaria completa,NO,11,"BOGOTÁ, D.C.",11001,"BOGOTÁ, D.C.",10963,RELACIONES INTERNACIONALES Y ESTUDIOS POLITICOS,161,178,139,A2,166,154,160
2021,EK202120181049,M,08,Estrato 4,Secundaria (Bachillerato) completa,Educación profesional completa,NO,11,"BOGOTÁ, D.C.",11001,"BOGOTÁ, D.C.",10963,RELACIONES INTERNACIONALES Y ESTUDIOS POLITICOS,196,165,192,B1,169,165,177
2021,EK202120203228,M,08,Estrato 5,Primaria completa,Primaria completa,NO,11,"BOGOTÁ, D.C.",11001,"BOGOTÁ, D.C.",10963,RELACIONES INTERNACIONALES Y ESTUDIOS POLITICOS,171,168,136,A2,156,150,156
2021,EK202120296136,M,09,Estrato 5,Educación profesional completa,Postgrado,NO,11,"BOGOTÁ, D.C.",11001,"BOGOTÁ, D.C.",10963,RELACIONES INTERNACIONALES Y ESTUDIOS POLITICOS,218,194,220,B2,229,177,208
2021,EK202120302494,M,08,Estrato 3,Educación profesional completa,Técnica o tecnológica incompleta,NO,11,"BOGOTÁ, D.C.",11001,"BOGOTÁ, D.C.",10963,RELACIONES INTERNACIONALES Y ESTUDIOS POLITICOS,181,121,197,B2,183,168,170
2021,EK202120140383,M,08,Estrato 3,Secundaria (Bachillerato) completa,Secundaria (Bachillerato) incompleta,NO,11,"BOGOTÁ, D.C.",11001,"BOGOTÁ, D.C.",10963,RELACIONES INTERNACIONALES Y ESTUDIOS POLITICOS,191,163,145,A2,185,152,167
2021,EK202120142324,M,08,Estrato 4,Primaria completa,Técnica o tecnológica incompleta,NO,11,"BOGOTÁ, D.C.",11001,"BOGOTÁ, D.C.",10963,RELACIONES INTERNACIONALES Y ESTUDIOS POLITICOS,208,102,166,B1,188,106,154
2021,EK202120141580,F,09,Estrato 6,Educación profesional completa,Postgrado,NO,11,"BOGOTÁ, D.C.",11001,"BOGOTÁ, D.C.",10963,RELACIONES INTERNACIONALES Y ESTUDIOS POLITICOS,132,163,207,B2,154,154,162
2021,EK202120140211,F,08,Estrato 3,Educación profesional completa,Educación profesional completa,NO,11,"BOGOTÁ, D.C.",11001,"BOGOTÁ, D.C.",10963,RELACIONES INTERNACIONALES Y ESTUDIOS POLITICOS,178,148,170,B1,165,134,159
2021,EK202120140299,M,08,Estrato 3,Técnica o tecnológica incompleta,Primaria incompleta,NO,11,"BOGOTÁ, D.C.",11001,"BOGOTÁ, D.C.",10963,RELACIONES INTERNACIONALES Y ESTUDIOS POLITICOS,168,125,136,A2,153,139,144
2021,EK202120142298,F,08,Estrato 3,Secundaria (Bachillerato) incompleta,Primaria incompleta,NO,11,"BOGOTÁ, D.C.",11001,"BOGOTÁ, D.C.",10963,RELACIONES INTERNACIONALES Y ESTUDIOS POLITICOS,182,169,141,A2,175,137,161
2021,EK202120142701,M,08,Estrato 3,Primaria completa,Primaria incompleta,NO,11,"BOGOTÁ, D.C.",11001,"BOGOTÁ, D.C.",10963,RELACIONES INTERNACIONALES Y ESTUDIOS POLITICOS,178,198,131,A2,148,155,162
2021,EK202120179324,M,09,Estrato 2,Secundaria (Bachillerato) incompleta,Secundaria (Bachillerato) incompleta,NO,11,"BOGOTÁ, D.C.",11001,"BOGOTÁ, D.C.",10963,RELACIONES INTERNACIONALES Y ESTUDIOS POLITICOS,149,157,181,B1,98,140,145
2021,EK202120141848,F,09,Estrato 4,Educación profesional completa,Primaria completa,NO,11,"BOGOTÁ, D.C.",11001,"BOGOTÁ, D.C.",10963,RELACIONES INTERNACIONALES Y ESTUDIOS POLITICOS,132,165,168,B1,147,126,148
2021,EK202120139930,F,08,Estrato 1,Primaria incompleta,Primaria incompleta,NO,11,"BOGOTÁ, D.C.",11001,"BOGOTÁ, D.C.",10963,RELACIONES INTERNACIONALES Y ESTUDIOS POLITICOS,143,163,161,A2,119,139,145
2021,EK202120141795,M,09,Estrato 3,Técnica o tecnológica completa,Primaria completa,NO,11,"BOGOTÁ, D.C.",11001,"BOGOTÁ, D.C.",10963,RELACIONES INTERNACIONALES Y ESTUDIOS POLITICOS,137,113,142,A2,141,123,131
2021,EK202120142258,F,08,Estrato 3,Técnica o tecnológica completa,Primaria incompleta,NO,11,"BOGOTÁ, D.C.",11001,"BOGOTÁ, D.C.",10963,RELACIONES INTERNACIONALES Y ESTUDIOS POLITICOS,167,95,177,B1,174,124,147
2021,EK202120141551,F,07,Estrato 3,Educación profesional completa,Educación profesional completa,NO,11,"BOGOTÁ, D.C.",11001,"BOGOTÁ, D.C.",10963,RELACIONES INTERNACIONALES Y ESTUDIOS POLITICOS,163,181,196,B2,170,166,175
2021,EK202120117231,F,09,Estrato 3,Secundaria (Bachillerato) completa,Secundaria (Bachillerato) completa,NO,11,"BOGOTÁ, D.C.",11001,"BOGOTÁ, D.C.",11428,CONTADURIA PUBLICA,157,0,140,A2,136,107,108
2021,EK202120307728,M,08,Estrato 2,Primaria incompleta,Primaria incompleta,NO,11,"BOGOTÁ, D.C.",11001,"BOGOTÁ, D.C.",6527,ADMINISTRACION DE EMPRESAS,134,134,127,A2,116,125,127
2021,EK202120116941,M,09,Estrato 3,Educación profesional completa,Secundaria (Bachillerato) completa,NO,11,"BOGOTÁ, D.C.",11001,"BOGOTÁ, D.C.",11428,CONTADURIA PUBLICA,135,129,197,B2,129,158,150
2021,EK202120142231,M,08,Estrato 3,Primaria completa,Primaria completa,NO,11,"BOGOTÁ, D.C.",11001,"BOGOTÁ, D.C.",10963,RELACIONES INTERNACIONALES Y ESTUDIOS POLITICOS,109,160,149,A2,156,132,141
2021,EK202120298126,M,08,Estrato 1,Secundaria (Bachillerato) incompleta,Técnica o tecnológica incompleta,NO,11,"BOGOTÁ, D.C.",11001,"BOGOTÁ, D.C.",11004,INGENIERIA CIVIL,136,0,129,A2,104,112,96
2021,EK202120265124,M,09,Estrato 3,Técnica o tecnológica completa,Técnica o tecnológica completa,NO,11,"BOGOTÁ, D.C.",11001,"BOGOTÁ, D.C.",6527,ADMINISTRACION DE EMPRESAS,198,132,206,B2,186,144,173
2021,EK202120263645,M,07,Estrato 2,Secundaria (Bachillerato) completa,Primaria incompleta,NO,11,"BOGOTÁ, D.C.",11001,"BOGOTÁ, D.C.",6527,ADMINISTRACION DE EMPRESAS,137,158,149,A2,119,138,140
2021,EK202120263760,M,09,Estrato 3,Secundaria (Bachillerato) incompleta,Secundaria (Bachillerato) completa,NO,11,"BOGOTÁ, D.C.",11001,"BOGOTÁ, D.C.",6527,ADMINISTRACION DE EMPRESAS,158,119,144,A2,145,162,146
2021,EK202120116877,F,09,Estrato 4,Primaria incompleta,Ninguno,NO,11,"BOGOTÁ, D.C.",11001,"BOGOTÁ, D.C.",11428,CONTADURIA PUBLICA,140,140,116,A1,112,117,125
2021,EK202120117125,F,07,Estrato 3,Secundaria (Bachillerato) completa,Primaria completa,NO,11,"BOGOTÁ, D.C.",11001,"BOGOTÁ, D.C.",11428,CONTADURIA PUBLICA,150,134,153,A2,143,155,147
2021,EK202120117088,M,09,Estrato 4,Primaria completa,Primaria incompleta,NO,11,"BOGOTÁ, D.C.",11001,"BOGOTÁ, D.C.",11428,CONTADURIA PUBLICA,186,140,192,B1,191,203,182
2021,EK202120263808,F,08,Estrato 3,No Aplica,No Aplica,NO,11,"BOGOTÁ, D.C.",11001,"BOGOTÁ, D.C.",6527,ADMINISTRACION DE EMPRESAS,137,167,159,A2,154,167,157
2021,EK202120301190,M,08,Estrato 2,Técnica o tecnológica completa,Secundaria (Bachillerato) completa,NO,11,"BOGOTÁ, D.C.",11001,"BOGOTÁ, D.C.",11428,CONTADURIA PUBLICA,164,173,152,A2,140,148,155
2021,EK202120116820,F,09,Estrato 5,Educación profesional incompleta,Secundaria (Bachillerato) completa,NO,11,"BOGOTÁ, D.C.",11001,"BOGOTÁ, D.C.",11428,CONTADURIA PUBLICA,117,126,143,A2,105,141,126
2021,EK202120309742,M,12 o más,Estrato 5,Primaria completa,Educación profesional incompleta,NO,11,"BOGOTÁ, D.C.",11001,"BOGOTÁ, D.C.",11004,INGENIERIA CIVIL,131,114,151,A2,143,190,146
2021,EK202120284907,F,08,Estrato 3,Secundaria (Bachillerato) completa,Técnica o tecnológica completa,NO,11,"BOGOTÁ, D.C.",11001,"BOGOTÁ, D.C.",6527,ADMINISTRACION DE EMPRESAS,164,124,168,B1,164,130,150
2021,EK202120117360,F,09,Estrato 3,Secundaria (Bachillerato) incompleta,Primaria incompleta,NO,11,"BOGOTÁ, D.C.",11001,"BOGOTÁ, D.C.",11428,CONTADURIA PUBLICA,180,125,148,A2,150,152,151
2021,EK202120277627,F,08,Estrato 3,Primaria completa,Secundaria (Bachillerato) completa,NO,11,"BOGOTÁ, D.C.",11001,"BOGOTÁ, D.C.",6527,ADMINISTRACION DE EMPRESAS,158,123,150,A2,177,156,153
2021,EK202120116989,M,08,Estrato 2,Primaria completa,Primaria completa,NO,11,"BOGOTÁ, D.C.",11001,"BOGOTÁ, D.C.",11428,CONTADURIA PUBLICA,173,128,134,A2,140,141,143
2021,EK202120262776,M,09,Estrato 3,Primaria completa,Secundaria (Bachillerato) incompleta,NO,11,"BOGOTÁ, D.C.",11001,"BOGOTÁ, D.C.",6527,ADMINISTRACION DE EMPRESAS,106,78,135,A2,117,94,106
2021,EK202120298834,M,10,Estrato 2,Primaria completa,Primaria completa,NO,11,"BOGOTÁ, D.C.",11001,"BOGOTÁ, D.C.",11004,INGENIERIA CIVIL,157,117,199,B2,138,166,155
2021,EK202120313962,M,10,Estrato 2,Secundaria (Bachillerato) completa,Primaria incompleta,NO,11,"BOGOTÁ, D.C.",11001,"BOGOTÁ, D.C.",11004,INGENIERIA CIVIL,122,113,114,A1,133,139,124
2021,EK202120285874,M,08,Estrato 3,Primaria completa,Secundaria (Bachillerato) incompleta,NO,11,"BOGOTÁ, D.C.",11001,"BOGOTÁ, D.C.",11428,CONTADURIA PUBLICA,196,180,174,B1,191,206,189
2021,EK202120117073,F,09,Estrato 3,Secundaria (Bachillerato) incompleta,Primaria incompleta,NO,86,PUTUMAYO,86568,PUERTO ASÍS,11428,CONTADURIA PUBLICA,152,164,145,A2,138,147,149
2021,EK202120316314,M,09,Estrato 3,Primaria incompleta,Primaria incompleta,NO,11,"BOGOTÁ, D.C.",11001,"BOGOTÁ, D.C.",11004,INGENIERIA CIVIL,117,121,134,A2,110,149,126
2021,EK202120297805,M,10,Estrato 2,Primaria incompleta,Primaria completa,NO,11,"BOGOTÁ, D.C.",11001,"BOGOTÁ, D.C.",11004,INGENIERIA CIVIL,176,115,146,A2,159,178,155
2021,EK202120298115,M,09,Estrato 1,Primaria completa,Primaria completa,NO,11,"BOGOTÁ, D.C.",11001,"BOGOTÁ, D.C.",11004,INGENIERIA CIVIL,174,116,154,A2,147,129,144
2021,EK202120140314,M,09,NA,NA,NA,NO,11,"BOGOTÁ, D.C.",11001,"BOGOTÁ, D.C.",10963,RELACIONES INTERNACIONALES Y ESTUDIOS POLITICOS,134,120,0,A1,176,142,114
2021,EK202120318220,M,09,Estrato 3,Secundaria (Bachillerato) completa,Secundaria (Bachillerato) completa,NO,11,"BOGOTÁ, D.C.",11001,"BOGOTÁ, D.C.",6527,ADMINISTRACION DE EMPRESAS,206,300,209,B2,168,189,214
2021,EK202120315495,F,08,Estrato 4,Secundaria (Bachillerato) incompleta,Primaria incompleta,NO,11,"BOGOTÁ, D.C.",11001,"BOGOTÁ, D.C.",6527,ADMINISTRACION DE EMPRESAS,141,129,166,B1,121,142,140
2021,EK202120318226,M,09,Estrato 4,Primaria completa,Educación profesional completa,NO,11,"BOGOTÁ, D.C.",11001,"BOGOTÁ, D.C.",6527,ADMINISTRACION DE EMPRESAS,158,141,149,A2,169,145,152
2021,EK202120302089,M,09,Estrato 2,Secundaria (Bachillerato) incompleta,Secundaria (Bachillerato) completa,NO,11,"BOGOTÁ, D.C.",11001,"BOGOTÁ, D.C.",11004,INGENIERIA CIVIL,187,167,201,B2,186,176,183
2021,EK202120319129,M,09,Estrato 4,Secundaria (Bachillerato) completa,Postgrado,NO,11,"BOGOTÁ, D.C.",11001,"BOGOTÁ, D.C.",6527,ADMINISTRACION DE EMPRESAS,154,193,200,B2,152,176,175
2021,EK202120320551,M,NA,NA,NA,NA,NO,05,ANTIOQUIA,05088,BELLO,6527,ADMINISTRACION DE EMPRESAS,140,120,115,A1,146,159,136
2021,EK202120320552,M,NA,NA,NA,NA,NO,11,"BOGOTÁ, D.C.",11001,"BOGOTÁ, D.C.",11428,CONTADURIA PUBLICA,124,134,111,A1,137,98,121
2021,EK202120320553,M,NA,NA,NA,NA,NO,11,"BOGOTÁ, D.C.",11001,"BOGOTÁ, D.C.",10963,RELACIONES INTERNACIONALES Y ESTUDIOS POLITICOS,160,175,205,B2,183,175,180
2021,EK202130321539,M,NA,Estrato 4,Primaria incompleta,Primaria incompleta,SI,NA,NA,NA,NA,53703,INGENIERIA INDUSTRIAL,186,156,176,B1,167,195,176
2021,EK202130321399,M,NA,Estrato 3,Secundaria (Bachillerato) completa,Secundaria (Bachillerato) completa,SI,NA,NA,NA,NA,11004,INGENIERIA CIVIL,184,85,185,B1,125,115,139
2021,EK202130321398,F,NA,Estrato 3,Primaria incompleta,Primaria incompleta,SI,NA,NA,NA,NA,11004,INGENIERIA CIVIL,148,123,129,A2,144,166,142
2021,EK202130322289,M,NA,Estrato 4,Secundaria (Bachillerato) completa,Primaria completa,SI,NA,NA,NA,NA,10963,RELACIONES INTERNACIONALES Y ESTUDIOS POLITICOS,183,179,200,B2,144,88,159
2021,EK202130321483,F,NA,Estrato 2,Secundaria (Bachillerato) incompleta,Secundaria (Bachillerato) incompleta,SI,NA,NA,NA,NA,6527,ADMINISTRACION DE EMPRESAS,152,129,165,B1,149,164,152
2021,EK202130321488,F,NA,NA,NA,NA,SI,NA,NA,NA,NA,6527,ADMINISTRACION DE EMPRESAS,0,128,0,A1,64,0,38
2021,EK202130321494,M,NA,Estrato 4,Postgrado,Educación profesional completa,SI,NA,NA,NA,NA,6527,ADMINISTRACION DE EMPRESAS,109,209,181,B1,113,149,152
2021,EK202130321491,F,NA,Estrato 4,Postgrado,Postgrado,SI,NA,NA,NA,NA,6527,ADMINISTRACION DE EMPRESAS,101,100,184,B1,119,134,128
2021,EK202130321503,F,NA,Estrato 3,Secundaria (Bachillerato) incompleta,Educación profesional incompleta,SI,NA,NA,NA,NA,6527,ADMINISTRACION DE EMPRESAS,142,122,209,B2,161,154,158
2021,EK202130321482,F,NA,Estrato 3,Educación profesional completa,Educación profesional incompleta,SI,NA,NA,NA,NA,6527,ADMINISTRACION DE EMPRESAS,85,164,201,B2,89,120,132
2021,EK202130321500,F,NA,Estrato 2,Técnica o tecnológica completa,Técnica o tecnológica completa,SI,NA,NA,NA,NA,6527,ADMINISTRACION DE EMPRESAS,91,128,153,A2,132,173,135
2021,EK202130321556,F,NA,Estrato 3,Técnica o tecnológica completa,Secundaria (Bachillerato) completa,SI,NA,NA,NA,NA,10963,RELACIONES INTERNACIONALES Y ESTUDIOS POLITICOS,185,183,183,B1,165,127,169
2021,EK202130322347,F,NA,Estrato 3,Técnica o tecnológica completa,Primaria incompleta,SI,NA,NA,NA,NA,6527,ADMINISTRACION DE EMPRESAS,93,166,194,B1,104,128,137
2022,EK202220120474,F,09,Estrato 3,Educación profesional incompleta,Educación profesional incompleta,NO,11,"BOGOTÁ, D.C.",11001,"BOGOTÁ, D.C.",10963,RELACIONES INTERNACIONALES Y ESTUDIOS POLITICOS,204,0,197,B2,202,142,149
2022,EK202220120492,M,09,Estrato 3,Postgrado,Primaria incompleta,NO,11,"BOGOTÁ, D.C.",11001,"BOGOTÁ, D.C.",10963,RELACIONES INTERNACIONALES Y ESTUDIOS POLITICOS,172,88,146,A2,133,104,129
2022,EK202220159443,M,08,Estrato 2,Primaria completa,Primaria incompleta,NO,11,"BOGOTÁ, D.C.",11001,"BOGOTÁ, D.C.",53703,INGENIERIA INDUSTRIAL,171,147,128,A2,166,194,161
2022,EK202220121639,M,09,Estrato 3,Secundaria (Bachillerato) completa,Secundaria (Bachillerato) completa,NO,11,"BOGOTÁ, D.C.",11001,"BOGOTÁ, D.C.",10963,RELACIONES INTERNACIONALES Y ESTUDIOS POLITICOS,154,190,173,B1,154,175,169
2022,EK202220127962,F,09,Estrato 2,Primaria incompleta,Primaria incompleta,NO,11,"BOGOTÁ, D.C.",11001,"BOGOTÁ, D.C.",11428,CONTADURIA PUBLICA,191,152,162,A2,155,168,166
2022,EK202220128325,F,08,Estrato 3,Secundaria (Bachillerato) completa,Educación profesional incompleta,NO,11,"BOGOTÁ, D.C.",11001,"BOGOTÁ, D.C.",6527,ADMINISTRACION DE EMPRESAS,147,145,149,A2,144,143,146
2022,EK202220120649,F,08,Estrato 4,Secundaria (Bachillerato) incompleta,Educación profesional incompleta,NO,11,"BOGOTÁ, D.C.",11001,"BOGOTÁ, D.C.",10963,RELACIONES INTERNACIONALES Y ESTUDIOS POLITICOS,179,141,219,B2,190,135,173
2022,EK202220120505,M,09,Estrato 4,Educación profesional completa,Postgrado,NO,11,"BOGOTÁ, D.C.",11001,"BOGOTÁ, D.C.",10963,RELACIONES INTERNACIONALES Y ESTUDIOS POLITICOS,190,0,205,B2,179,136,142
2022,EK202220123643,F,08,Estrato 3,Primaria completa,Primaria incompleta,NO,11,"BOGOTÁ, D.C.",11001,"BOGOTÁ, D.C.",10963,RELACIONES INTERNACIONALES Y ESTUDIOS POLITICOS,184,161,147,A2,166,95,151
2022,EK202220120480,M,08,Estrato 4,Técnica o tecnológica completa,Secundaria (Bachillerato) incompleta,NO,11,"BOGOTÁ, D.C.",11001,"BOGOTÁ, D.C.",10963,RELACIONES INTERNACIONALES Y ESTUDIOS POLITICOS,168,182,157,A2,174,151,166
2022,EK202220128207,M,08,Estrato 3,Secundaria (Bachillerato) incompleta,Secundaria (Bachillerato) completa,NO,11,"BOGOTÁ, D.C.",11001,"BOGOTÁ, D.C.",6527,ADMINISTRACION DE EMPRESAS,192,134,130,A2,164,176,159
2022,EK202220121516,M,09,Estrato 3,Técnica o tecnológica completa,Técnica o tecnológica completa,NO,11,"BOGOTÁ, D.C.",11001,"BOGOTÁ, D.C.",10963,RELACIONES INTERNACIONALES Y ESTUDIOS POLITICOS,139,127,138,A2,169,141,143
2022,EK202220120491,M,08,Estrato 2,Secundaria (Bachillerato) incompleta,Secundaria (Bachillerato) completa,NO,11,"BOGOTÁ, D.C.",11001,"BOGOTÁ, D.C.",10963,RELACIONES INTERNACIONALES Y ESTUDIOS POLITICOS,197,185,178,B1,182,149,178
2022,EK202220120488,F,08,Estrato 4,Secundaria (Bachillerato) completa,Técnica o tecnológica completa,NO,11,"BOGOTÁ, D.C.",11001,"BOGOTÁ, D.C.",10963,RELACIONES INTERNACIONALES Y ESTUDIOS POLITICOS,114,107,160,A2,136,144,132
2022,EK202220120507,M,10,Estrato 4,Secundaria (Bachillerato) completa,Secundaria (Bachillerato) completa,NO,11,"BOGOTÁ, D.C.",11001,"BOGOTÁ, D.C.",10963,RELACIONES INTERNACIONALES Y ESTUDIOS POLITICOS,211,190,300,B2,226,203,226
2022,EK202220120496,M,08,Estrato 2,Ninguno,Ninguno,NO,11,"BOGOTÁ, D.C.",11001,"BOGOTÁ, D.C.",10963,RELACIONES INTERNACIONALES Y ESTUDIOS POLITICOS,110,179,125,A2,138,139,138
2022,EK202220120484,M,08,Estrato 2,Primaria completa,Secundaria (Bachillerato) incompleta,NO,11,"BOGOTÁ, D.C.",11001,"BOGOTÁ, D.C.",10963,RELACIONES INTERNACIONALES Y ESTUDIOS POLITICOS,196,151,200,B2,145,173,173
2022,EK202220120514,F,08,Estrato 2,Secundaria (Bachillerato) completa,Secundaria (Bachillerato) completa,NO,11,"BOGOTÁ, D.C.",11001,"BOGOTÁ, D.C.",10963,RELACIONES INTERNACIONALES Y ESTUDIOS POLITICOS,143,166,148,A2,151,131,148
2022,EK202220120479,M,08,Estrato 3,Primaria completa,Secundaria (Bachillerato) incompleta,NO,11,"BOGOTÁ, D.C.",11001,"BOGOTÁ, D.C.",10963,RELACIONES INTERNACIONALES Y ESTUDIOS POLITICOS,191,165,180,B1,194,164,179
2022,EK202220120530,M,08,Estrato 3,Primaria completa,Primaria completa,NO,11,"BOGOTÁ, D.C.",11001,"BOGOTÁ, D.C.",10963,RELACIONES INTERNACIONALES Y ESTUDIOS POLITICOS,157,90,175,B1,151,133,141
2022,EK202220155934,M,09,Estrato 3,Técnica o tecnológica incompleta,Técnica o tecnológica incompleta,NO,11,"BOGOTÁ, D.C.",11001,"BOGOTÁ, D.C.",53703,INGENIERIA INDUSTRIAL,225,151,149,A2,176,193,179
2022,EK202220120487,F,08,Estrato 1,Secundaria (Bachillerato) completa,Primaria completa,NO,11,"BOGOTÁ, D.C.",11001,"BOGOTÁ, D.C.",10963,RELACIONES INTERNACIONALES Y ESTUDIOS POLITICOS,179,178,136,A2,166,149,162
2022,EK202220155942,M,09,Estrato 3,Secundaria (Bachillerato) incompleta,Secundaria (Bachillerato) incompleta,NO,11,"BOGOTÁ, D.C.",11001,"BOGOTÁ, D.C.",53703,INGENIERIA INDUSTRIAL,154,173,226,B2,187,184,185
2022,EK202220156092,M,08,Estrato 2,Primaria completa,Secundaria (Bachillerato) completa,NO,11,"BOGOTÁ, D.C.",11001,"BOGOTÁ, D.C.",53703,INGENIERIA INDUSTRIAL,151,97,193,B1,146,153,148
2022,EK202220156148,M,08,Estrato 3,Primaria completa,Primaria completa,NO,11,"BOGOTÁ, D.C.",11001,"BOGOTÁ, D.C.",53703,INGENIERIA INDUSTRIAL,149,121,166,B1,168,177,156
2022,EK202220121659,M,09,Estrato 2,Primaria incompleta,Primaria incompleta,NO,11,"BOGOTÁ, D.C.",11001,"BOGOTÁ, D.C.",10963,RELACIONES INTERNACIONALES Y ESTUDIOS POLITICOS,103,150,129,A2,139,127,130
2022,EK202220128202,F,08,Estrato 3,Educación profesional completa,Educación profesional completa,NO,11,"BOGOTÁ, D.C.",11001,"BOGOTÁ, D.C.",6527,ADMINISTRACION DE EMPRESAS,166,161,200,B2,198,214,188
2022,EK202220155968,M,08,Estrato 2,Educación profesional completa,Secundaria (Bachillerato) completa,NO,11,"BOGOTÁ, D.C.",11001,"BOGOTÁ, D.C.",53703,INGENIERIA INDUSTRIAL,167,100,149,A2,181,197,159
2022,EK202220128208,F,09,NA,NA,NA,NO,11,"BOGOTÁ, D.C.",11001,"BOGOTÁ, D.C.",6527,ADMINISTRACION DE EMPRESAS,0,0,0,A1,0,0,0
2022,EK202220120654,M,08,Estrato 3,Secundaria (Bachillerato) incompleta,Secundaria (Bachillerato) incompleta,NO,11,"BOGOTÁ, D.C.",11001,"BOGOTÁ, D.C.",10963,RELACIONES INTERNACIONALES Y ESTUDIOS POLITICOS,166,153,163,A2,155,132,154
2022,EK202220120524,M,08,Estrato 2,Secundaria (Bachillerato) completa,Secundaria (Bachillerato) completa,NO,11,"BOGOTÁ, D.C.",11001,"BOGOTÁ, D.C.",10963,RELACIONES INTERNACIONALES Y ESTUDIOS POLITICOS,170,104,125,A2,136,145,136
2022,EK202220155960,F,12 o más,Estrato 4,Educación profesional completa,Educación profesional completa,NO,11,"BOGOTÁ, D.C.",11001,"BOGOTÁ, D.C.",53703,INGENIERIA INDUSTRIAL,168,119,199,B2,151,228,173
2022,EK202220156080,F,09,Estrato 2,Secundaria (Bachillerato) incompleta,Secundaria (Bachillerato) incompleta,NO,11,"BOGOTÁ, D.C.",11001,"BOGOTÁ, D.C.",53703,INGENIERIA INDUSTRIAL,98,83,165,B1,136,104,117
2022,EK202220120578,M,09,Estrato 3,Secundaria (Bachillerato) incompleta,Secundaria (Bachillerato) completa,NO,11,"BOGOTÁ, D.C.",11001,"BOGOTÁ, D.C.",10963,RELACIONES INTERNACIONALES Y ESTUDIOS POLITICOS,185,173,155,A2,164,112,158
2022,EK202220120522,F,09,Estrato 3,Secundaria (Bachillerato) completa,Técnica o tecnológica completa,NO,11,"BOGOTÁ, D.C.",11001,"BOGOTÁ, D.C.",10963,RELACIONES INTERNACIONALES Y ESTUDIOS POLITICOS,157,124,172,B1,164,126,149
2022,EK202220128197,F,07,Estrato 3,Primaria incompleta,Primaria incompleta,NO,11,"BOGOTÁ, D.C.",11001,"BOGOTÁ, D.C.",6527,ADMINISTRACION DE EMPRESAS,105,125,148,A2,112,121,122
2022,EK202220156046,M,09,Estrato 3,Primaria completa,Secundaria (Bachillerato) incompleta,NO,11,"BOGOTÁ, D.C.",11001,"BOGOTÁ, D.C.",53703,INGENIERIA INDUSTRIAL,124,161,144,A2,124,102,131
2022,EK202220163030,M,09,Estrato 3,Técnica o tecnológica incompleta,Técnica o tecnológica incompleta,NO,11,"BOGOTÁ, D.C.",11001,"BOGOTÁ, D.C.",53703,INGENIERIA INDUSTRIAL,137,155,122,A2,112,161,137
2022,EK202220156120,M,09,Estrato 4,Educación profesional completa,Postgrado,NO,11,"BOGOTÁ, D.C.",11001,"BOGOTÁ, D.C.",53703,INGENIERIA INDUSTRIAL,95,151,200,B2,121,132,140
2022,EK202220156109,M,08,Estrato 3,Secundaria (Bachillerato) completa,No sabe,NO,11,"BOGOTÁ, D.C.",11001,"BOGOTÁ, D.C.",53703,INGENIERIA INDUSTRIAL,127,130,148,A2,99,117,124
2022,EK202220156132,M,09,Estrato 2,Primaria completa,Secundaria (Bachillerato) incompleta,NO,25,CUNDINAMARCA,25899,ZIPAQUIRÁ,53703,INGENIERIA INDUSTRIAL,166,177,123,A2,171,172,162
2022,EK202220120516,M,08,Estrato 3,Técnica o tecnológica completa,Técnica o tecnológica incompleta,NO,11,"BOGOTÁ, D.C.",11001,"BOGOTÁ, D.C.",10963,RELACIONES INTERNACIONALES Y ESTUDIOS POLITICOS,132,147,161,A2,129,133,140
2022,EK202220155924,F,09,Estrato 3,Primaria incompleta,Primaria incompleta,NO,11,"BOGOTÁ, D.C.",11001,"BOGOTÁ, D.C.",53703,INGENIERIA INDUSTRIAL,87,116,178,B1,98,91,114
2022,EK202220155919,M,09,Estrato 5,Postgrado,Educación profesional completa,NO,11,"BOGOTÁ, D.C.",11001,"BOGOTÁ, D.C.",53703,INGENIERIA INDUSTRIAL,129,134,141,A2,109,138,130
2022,EK202220120481,F,08,NA,NA,NA,NO,11,"BOGOTÁ, D.C.",11001,"BOGOTÁ, D.C.",10963,RELACIONES INTERNACIONALES Y ESTUDIOS POLITICOS,194,104,145,A2,175,150,154
2022,EK202220155927,M,08,Estrato 3,Primaria completa,Secundaria (Bachillerato) completa,NO,11,"BOGOTÁ, D.C.",11001,"BOGOTÁ, D.C.",53703,INGENIERIA INDUSTRIAL,177,85,175,B1,171,157,153
2022,EK202220120463,F,09,Estrato 3,Secundaria (Bachillerato) incompleta,Secundaria (Bachillerato) completa,NO,11,"BOGOTÁ, D.C.",11001,"BOGOTÁ, D.C.",10963,RELACIONES INTERNACIONALES Y ESTUDIOS POLITICOS,168,135,156,A2,167,139,153
2022,EK202220127703,M,09,Estrato 2,Primaria incompleta,Secundaria (Bachillerato) incompleta,NO,11,"BOGOTÁ, D.C.",11001,"BOGOTÁ, D.C.",11428,CONTADURIA PUBLICA,156,86,143,A2,145,122,130
2022,EK202220182684,M,08,Estrato 2,Técnica o tecnológica completa,Educación profesional completa,NO,11,"BOGOTÁ, D.C.",11001,"BOGOTÁ, D.C.",53703,INGENIERIA INDUSTRIAL,0,163,164,A2,107,153,117
2022,EK202220121839,M,08,Estrato 3,Secundaria (Bachillerato) completa,Postgrado,NO,11,"BOGOTÁ, D.C.",11001,"BOGOTÁ, D.C.",10963,RELACIONES INTERNACIONALES Y ESTUDIOS POLITICOS,136,74,165,B1,117,112,121
2022,EK202220120651,M,08,Estrato 3,Secundaria (Bachillerato) completa,Secundaria (Bachillerato) incompleta,NO,11,"BOGOTÁ, D.C.",11001,"BOGOTÁ, D.C.",10963,RELACIONES INTERNACIONALES Y ESTUDIOS POLITICOS,144,132,123,A2,150,140,138
2022,EK202220128198,F,08,Estrato 2,Técnica o tecnológica completa,Secundaria (Bachillerato) incompleta,NO,11,"BOGOTÁ, D.C.",11001,"BOGOTÁ, D.C.",6527,ADMINISTRACION DE EMPRESAS,158,159,182,B1,110,155,153
2022,EK202220120499,M,09,Estrato 2,Primaria incompleta,Primaria incompleta,NO,11,"BOGOTÁ, D.C.",11001,"BOGOTÁ, D.C.",10963,RELACIONES INTERNACIONALES Y ESTUDIOS POLITICOS,183,184,166,B1,129,139,160
2022,EK202220120532,F,08,Estrato 3,Técnica o tecnológica completa,Secundaria (Bachillerato) completa,NO,11,"BOGOTÁ, D.C.",11001,"BOGOTÁ, D.C.",10963,RELACIONES INTERNACIONALES Y ESTUDIOS POLITICOS,189,125,180,B1,190,141,165
2022,EK202220128236,M,08,Estrato 3,Técnica o tecnológica completa,Secundaria (Bachillerato) incompleta,NO,11,"BOGOTÁ, D.C.",11001,"BOGOTÁ, D.C.",6527,ADMINISTRACION DE EMPRESAS,166,150,117,A1,175,157,153
2022,EK202220128201,M,08,Estrato 3,Técnica o tecnológica incompleta,Técnica o tecnológica completa,NO,11,"BOGOTÁ, D.C.",11001,"BOGOTÁ, D.C.",6527,ADMINISTRACION DE EMPRESAS,133,153,113,A1,147,151,139
2022,EK202220156067,M,09,Estrato 4,Educación profesional incompleta,Técnica o tecnológica completa,NO,11,"BOGOTÁ, D.C.",11001,"BOGOTÁ, D.C.",53703,INGENIERIA INDUSTRIAL,134,124,189,B1,133,136,143
2022,EK202220120472,M,09,Estrato 3,Educación profesional completa,Secundaria (Bachillerato) completa,NO,11,"BOGOTÁ, D.C.",11001,"BOGOTÁ, D.C.",10963,RELACIONES INTERNACIONALES Y ESTUDIOS POLITICOS,126,164,179,B1,154,153,155
2022,EK202220128199,F,08,Estrato 2,Primaria completa,Secundaria (Bachillerato) completa,NO,11,"BOGOTÁ, D.C.",11001,"BOGOTÁ, D.C.",6527,ADMINISTRACION DE EMPRESAS,173,160,178,B1,180,170,172
2022,EK202220143225,M,08,Estrato 3,Primaria completa,Técnica o tecnológica completa,NO,11,"BOGOTÁ, D.C.",11001,"BOGOTÁ, D.C.",53703,INGENIERIA INDUSTRIAL,186,159,215,B2,208,178,189
2022,EK202220143223,F,08,Estrato 3,Secundaria (Bachillerato) completa,Secundaria (Bachillerato) completa,NO,11,"BOGOTÁ, D.C.",11001,"BOGOTÁ, D.C.",53703,INGENIERIA INDUSTRIAL,112,129,142,A2,131,125,128
2022,EK202220156058,M,09,Estrato 2,Ninguno,Ninguno,NO,11,"BOGOTÁ, D.C.",11001,"BOGOTÁ, D.C.",53703,INGENIERIA INDUSTRIAL,152,148,132,A2,156,170,152
2022,EK202220207793,F,09,Estrato 3,Secundaria (Bachillerato) incompleta,Secundaria (Bachillerato) incompleta,NO,11,"BOGOTÁ, D.C.",11001,"BOGOTÁ, D.C.",53703,INGENIERIA INDUSTRIAL,170,123,158,A2,172,132,151
2022,EK202220210385,M,08,Estrato 3,Primaria completa,Secundaria (Bachillerato) completa,NO,11,"BOGOTÁ, D.C.",11001,"BOGOTÁ, D.C.",6527,ADMINISTRACION DE EMPRESAS,136,0,164,A2,143,107,110
2022,EK202220128210,F,08,Estrato 3,Técnica o tecnológica completa,Secundaria (Bachillerato) completa,NO,11,"BOGOTÁ, D.C.",11001,"BOGOTÁ, D.C.",6527,ADMINISTRACION DE EMPRESAS,115,175,128,A2,105,130,131
2022,EK202220127651,M,08,Estrato 3,Educación profesional completa,Educación profesional incompleta,NO,11,"BOGOTÁ, D.C.",11001,"BOGOTÁ, D.C.",11428,CONTADURIA PUBLICA,176,147,194,B1,195,166,176
2022,EK202220128203,F,08,Estrato 3,Primaria incompleta,Primaria incompleta,NO,11,"BOGOTÁ, D.C.",11001,"BOGOTÁ, D.C.",6527,ADMINISTRACION DE EMPRESAS,122,178,141,A2,187,150,156
2022,EK202220128209,M,10,Estrato 6,Secundaria (Bachillerato) completa,Secundaria (Bachillerato) completa,NO,11,"BOGOTÁ, D.C.",11001,"BOGOTÁ, D.C.",6527,ADMINISTRACION DE EMPRESAS,106,90,142,A2,89,137,113
2022,EK202220120407,M,08,Estrato 2,Secundaria (Bachillerato) completa,Secundaria (Bachillerato) completa,NO,11,"BOGOTÁ, D.C.",11001,"BOGOTÁ, D.C.",10963,RELACIONES INTERNACIONALES Y ESTUDIOS POLITICOS,120,0,130,A2,105,95,90
2022,EK202220128211,M,07,Estrato 3,Secundaria (Bachillerato) completa,Secundaria (Bachillerato) completa,NO,11,"BOGOTÁ, D.C.",11001,"BOGOTÁ, D.C.",6527,ADMINISTRACION DE EMPRESAS,122,0,144,A2,132,155,111
2022,EK202220127775,F,09,Estrato 2,Técnica o tecnológica completa,Secundaria (Bachillerato) completa,NO,11,"BOGOTÁ, D.C.",11001,"BOGOTÁ, D.C.",11428,CONTADURIA PUBLICA,170,169,151,A2,187,169,169
2022,EK202220127497,M,09,Estrato 3,Educación profesional completa,Educación profesional completa,NO,11,"BOGOTÁ, D.C.",11001,"BOGOTÁ, D.C.",11428,CONTADURIA PUBLICA,139,86,155,A2,117,116,123
2022,EK202220128205,M,08,Estrato 2,Técnica o tecnológica completa,Educación profesional completa,NO,11,"BOGOTÁ, D.C.",11001,"BOGOTÁ, D.C.",6527,ADMINISTRACION DE EMPRESAS,167,140,192,B1,191,197,177
2022,EK202220128212,F,09,Estrato 3,Postgrado,Secundaria (Bachillerato) completa,NO,11,"BOGOTÁ, D.C.",11001,"BOGOTÁ, D.C.",6527,ADMINISTRACION DE EMPRESAS,167,124,129,A2,178,171,154
2022,EK202220159745,F,09,Estrato 1,Ninguno,Ninguno,NO,85,CASANARE,85001,YOPAL,6527,ADMINISTRACION DE EMPRESAS,138,89,138,A2,164,121,130
2022,EK202220128200,F,09,Estrato 3,Secundaria (Bachillerato) completa,Primaria completa,NO,11,"BOGOTÁ, D.C.",11001,"BOGOTÁ, D.C.",6527,ADMINISTRACION DE EMPRESAS,161,125,175,B1,148,161,154
2022,EK202220128204,F,08,Estrato 2,Primaria completa,Secundaria (Bachillerato) completa,NO,11,"BOGOTÁ, D.C.",11001,"BOGOTÁ, D.C.",6527,ADMINISTRACION DE EMPRESAS,139,119,148,A2,172,149,145
2022,EK202220128213,M,07,Estrato 3,Técnica o tecnológica completa,Secundaria (Bachillerato) completa,NO,11,"BOGOTÁ, D.C.",11001,"BOGOTÁ, D.C.",6527,ADMINISTRACION DE EMPRESAS,83,0,146,A2,123,146,100
2022,EK202220128214,F,08,Estrato 2,Primaria incompleta,Educación profesional incompleta,NO,11,"BOGOTÁ, D.C.",11001,"BOGOTÁ, D.C.",6527,ADMINISTRACION DE EMPRESAS,79,147,144,A2,104,145,124
2022,EK202220218682,F,09,NA,NA,NA,NO,11,"BOGOTÁ, D.C.",11001,"BOGOTÁ, D.C.",10963,RELACIONES INTERNACIONALES Y ESTUDIOS POLITICOS,108,104,0,A1,149,180,108
2022,EK202220120500,M,09,Estrato 2,Primaria completa,Educación profesional completa,NO,11,"BOGOTÁ, D.C.",11001,"BOGOTÁ, D.C.",10963,RELACIONES INTERNACIONALES Y ESTUDIOS POLITICOS,112,121,135,A2,112,107,117
2022,EK202230220805,F,NA,NA,NA,NA,SI,NA,NA,NA,NA,11428,CONTADURIA PUBLICA,147,103,160,A2,173,171,151
2022,EK202230220765,M,NA,NA,NA,NA,SI,NA,NA,NA,NA,6527,ADMINISTRACION DE EMPRESAS,179,139,174,B1,180,147,164
2022,EK202230220760,F,NA,NA,NA,NA,SI,NA,NA,NA,NA,6527,ADMINISTRACION DE EMPRESAS,172,149,214,B2,173,153,172
2022,EK202230221298,M,NA,NA,NA,NA,SI,NA,NA,NA,NA,6527,ADMINISTRACION DE EMPRESAS,133,170,199,B2,145,165,162
2022,EK202230220762,F,NA,NA,NA,NA,SI,NA,NA,NA,NA,6527,ADMINISTRACION DE EMPRESAS,185,168,203,B2,178,198,186
2022,EK202230220616,M,NA,Estrato 3,Secundaria (Bachillerato) completa,Secundaria (Bachillerato) completa,SI,NA,NA,NA,NA,10963,RELACIONES INTERNACIONALES Y ESTUDIOS POLITICOS,150,168,179,B1,157,134,158
2022,EK202250135294,F,08,Estrato 3,Educación profesional incompleta,Técnica o tecnológica completa,NO,11,"BOGOTÁ, D.C.",11001,"BOGOTÁ, D.C.",11428,CONTADURIA PUBLICA,158,151,161,A2,140,170,156
2022,EK202250153035,M,08,Estrato 2,Técnica o tecnológica completa,Técnica o tecnológica completa,NO,11,"BOGOTÁ, D.C.",11001,"BOGOTÁ, D.C.",10963,RELACIONES INTERNACIONALES Y ESTUDIOS POLITICOS,160,149,185,B1,178,166,168
2022,EK202250152588,F,08,Estrato 4,Primaria incompleta,Primaria incompleta,NO,11,"BOGOTÁ, D.C.",11001,"BOGOTÁ, D.C.",10963,RELACIONES INTERNACIONALES Y ESTUDIOS POLITICOS,158,182,201,B2,192,165,180
2022,EK202250134818,M,09,Estrato 2,Secundaria (Bachillerato) incompleta,Secundaria (Bachillerato) incompleta,NO,11,"BOGOTÁ, D.C.",11001,"BOGOTÁ, D.C.",11428,CONTADURIA PUBLICA,150,185,165,B1,129,133,152
2022,EK202250106892,F,08,Estrato 2,Educación profesional completa,Educación profesional incompleta,NO,15,BOYACÁ,15238,DUITAMA,6527,ADMINISTRACION DE EMPRESAS,196,145,151,A2,176,188,171
2022,EK202250134697,M,09,Estrato 3,Primaria completa,Primaria completa,NO,11,"BOGOTÁ, D.C.",11001,"BOGOTÁ, D.C.",11428,CONTADURIA PUBLICA,101,157,128,A2,150,125,132
2022,EK202250099455,M,09,Estrato 1,Primaria incompleta,Primaria incompleta,NO,11,"BOGOTÁ, D.C.",11001,"BOGOTÁ, D.C.",53703,INGENIERIA INDUSTRIAL,72,163,132,A2,94,165,125
2022,EK202250107177,M,09,Estrato 4,Educación profesional completa,Educación profesional completa,NO,54,NORTE DE SANTANDER,54001,SAN JOSÉ DE CÚCUTA,6527,ADMINISTRACION DE EMPRESAS,129,116,197,B2,160,153,151
2022,EK202250097037,M,09,Estrato 2,Secundaria (Bachillerato) completa,Técnica o tecnológica completa,NO,11,"BOGOTÁ, D.C.",11001,"BOGOTÁ, D.C.",11004,INGENIERIA CIVIL,179,161,168,B1,171,203,176
2022,EK202250106882,F,09,Estrato 3,Secundaria (Bachillerato) completa,Secundaria (Bachillerato) completa,NO,11,"BOGOTÁ, D.C.",11001,"BOGOTÁ, D.C.",6527,ADMINISTRACION DE EMPRESAS,171,180,162,A2,141,121,155
2022,EK202250106879,M,09,Estrato 6,Técnica o tecnológica completa,Secundaria (Bachillerato) completa,NO,11,"BOGOTÁ, D.C.",11001,"BOGOTÁ, D.C.",6527,ADMINISTRACION DE EMPRESAS,158,156,191,B1,141,160,161
2022,EK202250097099,F,09,Estrato 2,Primaria incompleta,Primaria completa,NO,11,"BOGOTÁ, D.C.",11001,"BOGOTÁ, D.C.",11004,INGENIERIA CIVIL,113,94,144,A2,114,144,122
2022,EK202250098046,M,10,Estrato 3,Secundaria (Bachillerato) incompleta,Primaria completa,NO,11,"BOGOTÁ, D.C.",11001,"BOGOTÁ, D.C.",11004,INGENIERIA CIVIL,186,125,191,B1,191,185,176
2022,EK202250097370,M,09,Estrato 1,Primaria completa,Primaria incompleta,NO,11,"BOGOTÁ, D.C.",11001,"BOGOTÁ, D.C.",11004,INGENIERIA CIVIL,178,95,158,A2,141,89,132
2022,EK202250097856,M,10,Estrato 2,Primaria incompleta,Primaria incompleta,NO,11,"BOGOTÁ, D.C.",11001,"BOGOTÁ, D.C.",11004,INGENIERIA CIVIL,195,91,183,B1,176,185,166
2022,EK202250098099,M,10,Estrato 2,Primaria completa,Primaria incompleta,NO,11,"BOGOTÁ, D.C.",11001,"BOGOTÁ, D.C.",11004,INGENIERIA CIVIL,141,117,165,B1,160,143,145
2022,EK202250097570,F,09,Estrato 3,Secundaria (Bachillerato) completa,Secundaria (Bachillerato) completa,NO,11,"BOGOTÁ, D.C.",11001,"BOGOTÁ, D.C.",11004,INGENIERIA CIVIL,108,121,147,A2,143,122,128
2022,EK202250097085,M,10,Estrato 1,Técnica o tecnológica completa,Técnica o tecnológica completa,NO,11,"BOGOTÁ, D.C.",11001,"BOGOTÁ, D.C.",11004,INGENIERIA CIVIL,142,85,164,A2,147,177,143
2022,EK202250097384,M,10,Estrato 1,Primaria completa,Primaria completa,NO,11,"BOGOTÁ, D.C.",11001,"BOGOTÁ, D.C.",11004,INGENIERIA CIVIL,86,0,163,A2,131,125,101
2022,EK202250097548,M,10,Estrato 3,Secundaria (Bachillerato) incompleta,Primaria completa,NO,11,"BOGOTÁ, D.C.",11001,"BOGOTÁ, D.C.",11004,INGENIERIA CIVIL,148,133,148,A2,164,185,156
2022,EK202250098069,M,10,Estrato 3,Primaria incompleta,Primaria incompleta,NO,11,"BOGOTÁ, D.C.",11001,"BOGOTÁ, D.C.",11004,INGENIERIA CIVIL,122,124,143,A2,125,135,130
2022,EK202250097906,F,10,NA,NA,NA,NO,11,"BOGOTÁ, D.C.",11001,"BOGOTÁ, D.C.",11004,INGENIERIA CIVIL,136,73,0,A1,103,129,88
2022,EK202250098050,M,10,Estrato 2,Primaria incompleta,Ninguno,NO,11,"BOGOTÁ, D.C.",11001,"BOGOTÁ, D.C.",11004,INGENIERIA CIVIL,145,0,135,A2,120,145,109
2022,EK202250097212,M,10,Estrato 1,Primaria completa,Técnica o tecnológica completa,NO,11,"BOGOTÁ, D.C.",11001,"BOGOTÁ, D.C.",11004,INGENIERIA CIVIL,146,125,161,A2,132,176,148
2022,EK202250098080,M,10,Estrato 3,Secundaria (Bachillerato) incompleta,No Aplica,NO,11,"BOGOTÁ, D.C.",11001,"BOGOTÁ, D.C.",11004,INGENIERIA CIVIL,111,160,170,B1,138,151,146
2022,EK202250097290,M,10,Estrato 2,Secundaria (Bachillerato) completa,Primaria incompleta,NO,76,VALLE DEL CAUCA,76834,TULUÁ,11004,INGENIERIA CIVIL,69,137,149,A2,128,178,132
2022,EK202250176905,F,09,Estrato 2,Técnica o tecnológica completa,Técnica o tecnológica completa,NO,11,"BOGOTÁ, D.C.",11001,"BOGOTÁ, D.C.",53703,INGENIERIA INDUSTRIAL,114,152,160,A2,165,176,153
2022,EK202250096813,M,10,Estrato 1,Secundaria (Bachillerato) completa,Educación profesional completa,NO,11,"BOGOTÁ, D.C.",11001,"BOGOTÁ, D.C.",11004,INGENIERIA CIVIL,161,128,135,A2,162,156,148
2022,EK202250152763,M,09,Estrato 3,Primaria completa,Secundaria (Bachillerato) completa,NO,76,VALLE DEL CAUCA,76001,SANTIAGO DE CALI,10963,RELACIONES INTERNACIONALES Y ESTUDIOS POLITICOS,193,172,131,A2,186,166,170
2022,EK202250097162,M,10,Estrato 2,Secundaria (Bachillerato) incompleta,Secundaria (Bachillerato) incompleta,NO,11,"BOGOTÁ, D.C.",11001,"BOGOTÁ, D.C.",11004,INGENIERIA CIVIL,136,155,124,A2,151,170,147
2022,EK202250097167,M,10,Estrato 2,Secundaria (Bachillerato) incompleta,Secundaria (Bachillerato) incompleta,NO,11,"BOGOTÁ, D.C.",11001,"BOGOTÁ, D.C.",11004,INGENIERIA CIVIL,167,300,172,B1,175,204,204
2022,EK202250097072,M,09,Estrato 3,Primaria incompleta,Secundaria (Bachillerato) incompleta,NO,63,QUINDÍO,63001,ARMENIA,11004,INGENIERIA CIVIL,189,164,175,B1,172,175,175
2022,EK202250134774,M,09,Estrato 4,Técnica o tecnológica completa,Técnica o tecnológica incompleta,NO,11,"BOGOTÁ, D.C.",11001,"BOGOTÁ, D.C.",11428,CONTADURIA PUBLICA,128,300,170,B1,143,143,177
2022,EK202250098013,F,09,Estrato 1,Secundaria (Bachillerato) incompleta,Secundaria (Bachillerato) incompleta,NO,15,BOYACÁ,15238,DUITAMA,11004,INGENIERIA CIVIL,139,151,156,A2,144,179,154
2022,EK202250096896,M,09,Estrato 3,Primaria incompleta,Primaria incompleta,NO,18,CAQUETÁ,18001,FLORENCIA,11004,INGENIERIA CIVIL,119,0,144,A2,146,173,116
2022,EK202250096788,F,09,Estrato 2,Secundaria (Bachillerato) completa,Primaria completa,NO,11,"BOGOTÁ, D.C.",11001,"BOGOTÁ, D.C.",11004,INGENIERIA CIVIL,165,158,183,B1,135,158,160
2022,EK202250098107,F,10,NA,NA,NA,NO,11,"BOGOTÁ, D.C.",11001,"BOGOTÁ, D.C.",11004,INGENIERIA CIVIL,137,126,149,A2,166,166,149
2022,EK202250097984,M,10,Estrato 3,Primaria completa,Secundaria (Bachillerato) completa,NO,11,"BOGOTÁ, D.C.",11001,"BOGOTÁ, D.C.",11004,INGENIERIA CIVIL,135,146,125,A2,143,195,149
2022,EK202250096992,M,10,Estrato 3,Educación profesional completa,Educación profesional completa,NO,11,"BOGOTÁ, D.C.",11001,"BOGOTÁ, D.C.",11004,INGENIERIA CIVIL,163,114,138,A2,167,183,153
2022,EK202250153026,F,09,Estrato 3,Secundaria (Bachillerato) incompleta,Primaria incompleta,NO,11,"BOGOTÁ, D.C.",11001,"BOGOTÁ, D.C.",10963,RELACIONES INTERNACIONALES Y ESTUDIOS POLITICOS,133,153,156,A2,126,120,138
2022,EK202250134768,F,08,Estrato 3,Técnica o tecnológica completa,Técnica o tecnológica completa,NO,11,"BOGOTÁ, D.C.",11001,"BOGOTÁ, D.C.",11428,CONTADURIA PUBLICA,141,84,166,B1,132,130,131
2022,EK202250098117,F,09,NA,Secundaria (Bachillerato) completa,Secundaria (Bachillerato) completa,NO,11,"BOGOTÁ, D.C.",11001,"BOGOTÁ, D.C.",11004,INGENIERIA CIVIL,138,120,165,B1,150,173,149
2022,EK202250134983,F,09,Estrato 4,Primaria incompleta,Ninguno,NO,11,"BOGOTÁ, D.C.",11001,"BOGOTÁ, D.C.",11428,CONTADURIA PUBLICA,123,169,155,A2,155,168,154
2022,EK202250152689,M,08,Estrato 5,Secundaria (Bachillerato) completa,Primaria completa,NO,11,"BOGOTÁ, D.C.",11001,"BOGOTÁ, D.C.",10963,RELACIONES INTERNACIONALES Y ESTUDIOS POLITICOS,158,122,180,B1,177,141,156
2022,EK202250096969,F,10,Estrato 3,Secundaria (Bachillerato) completa,Secundaria (Bachillerato) incompleta,NO,11,"BOGOTÁ, D.C.",11001,"BOGOTÁ, D.C.",11004,INGENIERIA CIVIL,117,151,146,A2,180,188,156
2022,EK202250135086,F,09,Estrato 3,Educación profesional completa,Técnica o tecnológica incompleta,NO,11,"BOGOTÁ, D.C.",11001,"BOGOTÁ, D.C.",11428,CONTADURIA PUBLICA,117,133,153,A2,134,175,142
2022,EK202250134644,M,09,Estrato 3,Primaria incompleta,Secundaria (Bachillerato) completa,NO,11,"BOGOTÁ, D.C.",11001,"BOGOTÁ, D.C.",11428,CONTADURIA PUBLICA,192,120,181,B1,177,185,171
2022,EK202250097050,F,08,Estrato 1,Primaria completa,Primaria completa,NO,11,"BOGOTÁ, D.C.",11001,"BOGOTÁ, D.C.",11004,INGENIERIA CIVIL,110,0,116,A1,109,67,80
2022,EK202250135261,M,09,Estrato 4,Primaria completa,Primaria completa,NO,11,"BOGOTÁ, D.C.",11001,"BOGOTÁ, D.C.",11428,CONTADURIA PUBLICA,184,152,172,B1,158,140,161
2022,EK202250097462,M,09,Estrato 1,Secundaria (Bachillerato) completa,Secundaria (Bachillerato) completa,NO,11,"BOGOTÁ, D.C.",11001,"BOGOTÁ, D.C.",11004,INGENIERIA CIVIL,191,133,143,A2,178,179,165
2022,EK202250097978,M,09,Estrato 3,Técnica o tecnológica incompleta,No sabe,NO,11,"BOGOTÁ, D.C.",11001,"BOGOTÁ, D.C.",11004,INGENIERIA CIVIL,173,169,153,A2,168,171,167
2022,EK202250096914,M,09,Estrato 3,Primaria completa,Primaria completa,NO,76,VALLE DEL CAUCA,76520,PALMIRA,11004,INGENIERIA CIVIL,187,134,178,B1,175,165,168
2022,EK202250097207,M,10,Estrato 3,Técnica o tecnológica completa,Educación profesional completa,NO,11,"BOGOTÁ, D.C.",11001,"BOGOTÁ, D.C.",11004,INGENIERIA CIVIL,88,102,147,A2,98,119,111
2022,EK202250152913,M,08,Estrato 3,Educación profesional completa,Educación profesional completa,NO,11,"BOGOTÁ, D.C.",11001,"BOGOTÁ, D.C.",10963,RELACIONES INTERNACIONALES Y ESTUDIOS POLITICOS,124,153,171,B1,126,132,141
2022,EK202250097271,M,10,Estrato 1,Técnica o tecnológica completa,Educación profesional incompleta,NO,11,"BOGOTÁ, D.C.",11001,"BOGOTÁ, D.C.",11004,INGENIERIA CIVIL,132,121,136,A2,123,161,135
2022,EK202250097920,F,09,Estrato 3,Primaria completa,Primaria incompleta,NO,11,"BOGOTÁ, D.C.",11001,"BOGOTÁ, D.C.",11004,INGENIERIA CIVIL,131,117,161,A2,161,140,142
2022,EK202250100674,M,09,Estrato 2,Secundaria (Bachillerato) completa,Técnica o tecnológica completa,NO,11,"BOGOTÁ, D.C.",11001,"BOGOTÁ, D.C.",11004,INGENIERIA CIVIL,207,169,199,B2,300,221,219
2022,EK202250152643,F,08,Estrato 5,Educación profesional completa,Educación profesional completa,NO,11,"BOGOTÁ, D.C.",11001,"BOGOTÁ, D.C.",10963,RELACIONES INTERNACIONALES Y ESTUDIOS POLITICOS,169,148,150,A2,165,94,145
2022,EK202250106887,F,08,Estrato 2,Educación profesional incompleta,Técnica o tecnológica completa,NO,11,"BOGOTÁ, D.C.",11001,"BOGOTÁ, D.C.",6527,ADMINISTRACION DE EMPRESAS,155,0,183,B1,153,94,117
2022,EK202250098015,M,11,Estrato 3,Secundaria (Bachillerato) incompleta,Primaria completa,NO,11,"BOGOTÁ, D.C.",11001,"BOGOTÁ, D.C.",11004,INGENIERIA CIVIL,172,125,183,B1,159,178,163
2022,EK202250097688,M,10,Estrato 5,Postgrado,Secundaria (Bachillerato) incompleta,NO,11,"BOGOTÁ, D.C.",11001,"BOGOTÁ, D.C.",11004,INGENIERIA CIVIL,189,145,186,B1,179,187,177
2022,EK202250097828,F,10,Estrato 5,Educación profesional completa,Educación profesional completa,NO,11,"BOGOTÁ, D.C.",11001,"BOGOTÁ, D.C.",11004,INGENIERIA CIVIL,156,161,186,B1,127,134,153
2022,EK202250097518,M,10,Estrato 2,Primaria incompleta,Primaria incompleta,NO,11,"BOGOTÁ, D.C.",11001,"BOGOTÁ, D.C.",11004,INGENIERIA CIVIL,189,144,176,B1,168,211,178
2022,EK202250097804,F,09,Estrato 2,Primaria incompleta,Primaria incompleta,NO,11,"BOGOTÁ, D.C.",11001,"BOGOTÁ, D.C.",11004,INGENIERIA CIVIL,121,131,137,A2,136,180,141
2022,EK202250107250,M,09,Estrato 4,Primaria incompleta,Primaria incompleta,NO,11,"BOGOTÁ, D.C.",11001,"BOGOTÁ, D.C.",6527,ADMINISTRACION DE EMPRESAS,133,117,121,A2,104,99,115
2022,EK202250152890,F,10,Estrato 3,Secundaria (Bachillerato) completa,Secundaria (Bachillerato) incompleta,NO,11,"BOGOTÁ, D.C.",11001,"BOGOTÁ, D.C.",10963,RELACIONES INTERNACIONALES Y ESTUDIOS POLITICOS,189,158,169,B1,185,168,174
2022,EK202250097123,M,10,Estrato 2,Postgrado,Postgrado,NO,18,CAQUETÁ,18001,FLORENCIA,11004,INGENIERIA CIVIL,151,149,126,A2,161,185,154
2022,EK202250097991,M,10,Estrato 3,Secundaria (Bachillerato) incompleta,Secundaria (Bachillerato) completa,NO,11,"BOGOTÁ, D.C.",11001,"BOGOTÁ, D.C.",11004,INGENIERIA CIVIL,137,160,183,B1,175,190,169
2022,EK202250097194,F,09,Estrato 1,Secundaria (Bachillerato) completa,Educación profesional completa,NO,15,BOYACÁ,15238,DUITAMA,11004,INGENIERIA CIVIL,149,167,179,B1,169,164,166
2022,EK202250097101,M,10,Estrato 3,Secundaria (Bachillerato) incompleta,Primaria incompleta,NO,11,"BOGOTÁ, D.C.",11001,"BOGOTÁ, D.C.",11004,INGENIERIA CIVIL,183,173,168,B1,174,190,178
2022,EK202250097508,M,10,Estrato 3,Primaria completa,Primaria incompleta,NO,11,"BOGOTÁ, D.C.",11001,"BOGOTÁ, D.C.",11004,INGENIERIA CIVIL,104,165,129,A2,134,156,138
2022,EK202250097816,F,10,Estrato 2,Primaria incompleta,Primaria incompleta,NO,11,"BOGOTÁ, D.C.",11001,"BOGOTÁ, D.C.",11004,INGENIERIA CIVIL,106,92,125,A2,123,166,122
2022,EK202250134998,F,09,Estrato 2,Secundaria (Bachillerato) incompleta,Secundaria (Bachillerato) incompleta,NO,11,"BOGOTÁ, D.C.",11001,"BOGOTÁ, D.C.",11428,CONTADURIA PUBLICA,189,150,163,A2,177,198,175
2022,EK202250097886,F,09,Estrato 3,Educación profesional completa,Educación profesional completa,NO,11,"BOGOTÁ, D.C.",11001,"BOGOTÁ, D.C.",11004,INGENIERIA CIVIL,156,98,154,A2,131,127,133
2022,EK202250187609,F,09,Estrato 2,Secundaria (Bachillerato) incompleta,Secundaria (Bachillerato) completa,NO,63,QUINDÍO,63001,ARMENIA,11004,INGENIERIA CIVIL,127,148,153,A2,134,158,144
2022,EK202250098020,F,08,Estrato 3,Primaria completa,Primaria completa,NO,11,"BOGOTÁ, D.C.",11001,"BOGOTÁ, D.C.",11004,INGENIERIA CIVIL,118,151,132,A2,137,155,139
2022,EK202250097157,M,10,Estrato 2,Secundaria (Bachillerato) completa,Primaria completa,NO,11,"BOGOTÁ, D.C.",11001,"BOGOTÁ, D.C.",11004,INGENIERIA CIVIL,148,0,99,A1,146,139,106
2022,EK202250097359,M,10,Estrato 3,Secundaria (Bachillerato) completa,Primaria completa,NO,11,"BOGOTÁ, D.C.",11001,"BOGOTÁ, D.C.",11004,INGENIERIA CIVIL,135,99,136,A2,155,120,129
2022,EK202250106888,F,08,Estrato 4,Secundaria (Bachillerato) completa,Secundaria (Bachillerato) completa,NO,11,"BOGOTÁ, D.C.",11001,"BOGOTÁ, D.C.",6527,ADMINISTRACION DE EMPRESAS,197,182,175,B1,168,142,173
2022,EK202250134753,M,09,Estrato 3,Secundaria (Bachillerato) completa,Postgrado,NO,11,"BOGOTÁ, D.C.",11001,"BOGOTÁ, D.C.",11428,CONTADURIA PUBLICA,125,150,167,B1,133,162,147
2022,EK202250098004,M,10,Estrato 2,Primaria incompleta,Primaria incompleta,NO,11,"BOGOTÁ, D.C.",11001,"BOGOTÁ, D.C.",11004,INGENIERIA CIVIL,127,124,132,A2,124,159,133
2022,EK202250135342,M,09,Estrato 3,Primaria incompleta,Primaria incompleta,NO,11,"BOGOTÁ, D.C.",11001,"BOGOTÁ, D.C.",11428,CONTADURIA PUBLICA,137,174,165,B1,158,156,158
2022,EK202250097005,M,10,Estrato 3,Educación profesional incompleta,Educación profesional completa,NO,11,"BOGOTÁ, D.C.",11001,"BOGOTÁ, D.C.",11004,INGENIERIA CIVIL,190,147,188,B1,181,195,180
2022,EK202250097031,M,10,NA,NA,NA,NO,11,"BOGOTÁ, D.C.",11001,"BOGOTÁ, D.C.",11004,INGENIERIA CIVIL,126,122,126,A2,194,206,155
2022,EK202250097492,M,10,Estrato 2,Primaria completa,Primaria completa,NO,11,"BOGOTÁ, D.C.",11001,"BOGOTÁ, D.C.",11004,INGENIERIA CIVIL,195,102,133,A2,178,208,163
2022,EK202250097301,M,10,Estrato 2,Ninguno,Ninguno,NO,11,"BOGOTÁ, D.C.",11001,"BOGOTÁ, D.C.",11004,INGENIERIA CIVIL,116,96,139,A2,142,145,128
2022,EK202250097587,M,10,Estrato 2,Primaria incompleta,Primaria incompleta,NO,11,"BOGOTÁ, D.C.",11001,"BOGOTÁ, D.C.",11004,INGENIERIA CIVIL,129,181,131,A2,110,204,151
2022,EK202250097033,M,09,Estrato 4,Primaria completa,Primaria incompleta,NO,11,"BOGOTÁ, D.C.",11001,"BOGOTÁ, D.C.",11004,INGENIERIA CIVIL,211,165,173,B1,170,163,176
2022,EK202250183995,M,09,Estrato 2,Secundaria (Bachillerato) incompleta,Secundaria (Bachillerato) completa,NO,11,"BOGOTÁ, D.C.",11001,"BOGOTÁ, D.C.",11004,INGENIERIA CIVIL,121,120,167,B1,133,170,142
2022,EK202250097846,F,09,Estrato 2,Secundaria (Bachillerato) incompleta,Primaria completa,NO,11,"BOGOTÁ, D.C.",11001,"BOGOTÁ, D.C.",11004,INGENIERIA CIVIL,119,97,162,A2,122,127,125
2022,EK202250097575,M,10,NA,Educación profesional incompleta,Primaria incompleta,NO,11,"BOGOTÁ, D.C.",11001,"BOGOTÁ, D.C.",11004,INGENIERIA CIVIL,116,184,128,A2,157,169,151
2022,EK202250152616,F,07,Estrato 3,Primaria incompleta,Primaria incompleta,NO,11,"BOGOTÁ, D.C.",11001,"BOGOTÁ, D.C.",10963,RELACIONES INTERNACIONALES Y ESTUDIOS POLITICOS,167,145,157,A2,197,105,154
2022,EK202250098012,F,09,Estrato 3,Técnica o tecnológica completa,Secundaria (Bachillerato) incompleta,NO,11,"BOGOTÁ, D.C.",11001,"BOGOTÁ, D.C.",11004,INGENIERIA CIVIL,150,122,166,B1,156,170,153
2022,EK202250097992,M,08,Estrato 1,Secundaria (Bachillerato) completa,Secundaria (Bachillerato) incompleta,NO,15,BOYACÁ,15759,SOGAMOSO,11004,INGENIERIA CIVIL,105,156,120,A1,95,137,123
2022,EK202250096827,F,10,Estrato 3,Secundaria (Bachillerato) incompleta,Secundaria (Bachillerato) completa,NO,11,"BOGOTÁ, D.C.",11001,"BOGOTÁ, D.C.",11004,INGENIERIA CIVIL,183,119,155,A2,205,190,170
2022,EK202250097538,M,08,NA,Primaria incompleta,Primaria completa,NO,11,"BOGOTÁ, D.C.",11001,"BOGOTÁ, D.C.",11004,INGENIERIA CIVIL,122,147,155,A2,121,169,143
2022,EK202250098104,F,08,Estrato 2,Primaria completa,Primaria incompleta,NO,11,"BOGOTÁ, D.C.",11001,"BOGOTÁ, D.C.",11004,INGENIERIA CIVIL,121,96,160,A2,149,185,142
2022,EK202250097926,F,09,Estrato 1,Primaria incompleta,Primaria completa,NO,11,"BOGOTÁ, D.C.",11001,"BOGOTÁ, D.C.",11004,INGENIERIA CIVIL,154,158,148,A2,150,142,150
2022,EK202250097362,M,09,Estrato 1,Técnica o tecnológica completa,Técnica o tecnológica completa,NO,11,"BOGOTÁ, D.C.",11001,"BOGOTÁ, D.C.",11004,INGENIERIA CIVIL,118,77,139,A2,124,145,121
2022,EK202250097565,M,10,Estrato 2,Secundaria (Bachillerato) incompleta,Primaria incompleta,NO,11,"BOGOTÁ, D.C.",11001,"BOGOTÁ, D.C.",11004,INGENIERIA CIVIL,152,134,145,A2,126,148,141
2022,EK202250097150,M,09,Estrato 3,Primaria completa,Primaria incompleta,NO,11,"BOGOTÁ, D.C.",11001,"BOGOTÁ, D.C.",11004,INGENIERIA CIVIL,162,170,131,A2,147,139,150
2022,EK202250097974,M,10,Estrato 3,Educación profesional completa,Técnica o tecnológica completa,NO,11,"BOGOTÁ, D.C.",11001,"BOGOTÁ, D.C.",11004,INGENIERIA CIVIL,140,134,201,B2,149,175,160
2022,EK202250097543,M,10,Estrato 1,Secundaria (Bachillerato) incompleta,Secundaria (Bachillerato) completa,NO,11,"BOGOTÁ, D.C.",11001,"BOGOTÁ, D.C.",11004,INGENIERIA CIVIL,97,0,117,A1,118,188,104
2022,EK202250096821,M,10,Estrato 2,Educación profesional completa,Primaria completa,NO,11,"BOGOTÁ, D.C.",11001,"BOGOTÁ, D.C.",11004,INGENIERIA CIVIL,155,123,154,A2,162,192,157
2022,EK202250097090,F,10,Estrato 1,Secundaria (Bachillerato) completa,No Aplica,NO,11,"BOGOTÁ, D.C.",11001,"BOGOTÁ, D.C.",11004,INGENIERIA CIVIL,142,130,117,A1,122,154,133
2022,EK202250097315,M,09,Estrato 3,Técnica o tecnológica completa,Técnica o tecnológica completa,NO,11,"BOGOTÁ, D.C.",11001,"BOGOTÁ, D.C.",11004,INGENIERIA CIVIL,179,189,155,A2,154,199,175
2022,EK202250106885,M,09,Estrato 5,Secundaria (Bachillerato) completa,Técnica o tecnológica completa,NO,11,"BOGOTÁ, D.C.",11001,"BOGOTÁ, D.C.",6527,ADMINISTRACION DE EMPRESAS,133,168,129,A2,111,148,138
2022,EK202250097893,F,10,Estrato 3,Primaria completa,Educación profesional incompleta,NO,11,"BOGOTÁ, D.C.",11001,"BOGOTÁ, D.C.",11004,INGENIERIA CIVIL,187,88,150,A2,172,166,153
2022,EK202250106880,F,09,NA,NA,NA,NO,11,"BOGOTÁ, D.C.",11001,"BOGOTÁ, D.C.",6527,ADMINISTRACION DE EMPRESAS,112,173,0,A1,181,167,127
2022,EK202250097060,M,09,Estrato 3,Secundaria (Bachillerato) incompleta,Secundaria (Bachillerato) incompleta,NO,11,"BOGOTÁ, D.C.",11001,"BOGOTÁ, D.C.",11004,INGENIERIA CIVIL,159,0,172,B1,195,192,144
2022,EK202250096982,M,10,Estrato 2,Primaria incompleta,Primaria incompleta,NO,11,"BOGOTÁ, D.C.",11001,"BOGOTÁ, D.C.",11004,INGENIERIA CIVIL,172,118,168,B1,179,198,167
2022,EK202250135031,M,09,Estrato 3,Técnica o tecnológica completa,Educación profesional completa,NO,47,MAGDALENA,47001,SANTA MARTA,11428,CONTADURIA PUBLICA,124,137,152,A2,137,172,144
2022,EK202250152969,M,09,NA,NA,NA,NO,11,"BOGOTÁ, D.C.",11001,"BOGOTÁ, D.C.",10963,RELACIONES INTERNACIONALES Y ESTUDIOS POLITICOS,110,182,0,A1,187,167,129
2022,EK202250096878,M,10,Estrato 3,Primaria completa,Primaria completa,NO,11,"BOGOTÁ, D.C.",11001,"BOGOTÁ, D.C.",11004,INGENIERIA CIVIL,178,180,154,A2,177,188,175
2022,EK202250097525,M,10,Estrato 3,Primaria completa,Técnica o tecnológica completa,NO,15,BOYACÁ,15176,CHIQUINQUIRÁ,11004,INGENIERIA CIVIL,167,176,145,A2,163,169,164
2022,EK202250134333,F,09,Estrato 3,Secundaria (Bachillerato) completa,Secundaria (Bachillerato) incompleta,NO,11,"BOGOTÁ, D.C.",11001,"BOGOTÁ, D.C.",11428,CONTADURIA PUBLICA,82,101,124,A2,82,94,97
2022,EK202250098058,F,09,Estrato 4,Técnica o tecnológica completa,Técnica o tecnológica completa,NO,11,"BOGOTÁ, D.C.",11001,"BOGOTÁ, D.C.",11004,INGENIERIA CIVIL,102,84,189,B1,110,98,117
2022,EK202250134731,F,09,Estrato 2,Técnica o tecnológica completa,Educación profesional completa,NO,11,"BOGOTÁ, D.C.",11001,"BOGOTÁ, D.C.",11428,CONTADURIA PUBLICA,156,121,195,B1,180,187,168
2022,EK202250134745,M,09,Estrato 2,Secundaria (Bachillerato) incompleta,Primaria completa,NO,11,"BOGOTÁ, D.C.",11001,"BOGOTÁ, D.C.",11428,CONTADURIA PUBLICA,136,131,119,A1,153,101,128
2022,EK202250134604,F,09,Estrato 2,Primaria completa,Primaria incompleta,NO,25,CUNDINAMARCA,25899,ZIPAQUIRÁ,11428,CONTADURIA PUBLICA,142,162,132,A2,133,149,144
2022,EK202250098018,M,10,Estrato 1,Primaria incompleta,Primaria incompleta,NO,11,"BOGOTÁ, D.C.",11001,"BOGOTÁ, D.C.",11004,INGENIERIA CIVIL,103,122,122,A2,92,93,106
2022,EK202250166957,F,08,Estrato 3,Primaria completa,Técnica o tecnológica incompleta,NO,11,"BOGOTÁ, D.C.",11001,"BOGOTÁ, D.C.",10963,RELACIONES INTERNACIONALES Y ESTUDIOS POLITICOS,129,161,159,A2,133,166,150
2022,EK202250097842,F,09,Estrato 3,Secundaria (Bachillerato) completa,Secundaria (Bachillerato) completa,NO,11,"BOGOTÁ, D.C.",11001,"BOGOTÁ, D.C.",11004,INGENIERIA CIVIL,106,119,155,A2,143,143,133
2022,EK202250135173,F,08,Estrato 2,Secundaria (Bachillerato) completa,Secundaria (Bachillerato) completa,NO,11,"BOGOTÁ, D.C.",11001,"BOGOTÁ, D.C.",11428,CONTADURIA PUBLICA,135,145,180,B1,111,132,141
2022,EK202250097256,M,10,Estrato 2,Educación profesional completa,Secundaria (Bachillerato) completa,NO,11,"BOGOTÁ, D.C.",11001,"BOGOTÁ, D.C.",11004,INGENIERIA CIVIL,194,150,181,B1,214,160,180
2022,EK202250106884,F,08,Estrato 3,Primaria completa,Primaria incompleta,NO,11,"BOGOTÁ, D.C.",11001,"BOGOTÁ, D.C.",6527,ADMINISTRACION DE EMPRESAS,154,174,167,B1,164,191,170
2022,EK202250183715,F,09,Estrato 2,Secundaria (Bachillerato) completa,Secundaria (Bachillerato) completa,NO,11,"BOGOTÁ, D.C.",11001,"BOGOTÁ, D.C.",11004,INGENIERIA CIVIL,182,149,168,B1,149,175,165
2022,EK202250134540,M,08,Estrato 4,Secundaria (Bachillerato) incompleta,Secundaria (Bachillerato) incompleta,NO,11,"BOGOTÁ, D.C.",11001,"BOGOTÁ, D.C.",11428,CONTADURIA PUBLICA,151,164,166,B1,165,154,160
2022,EK202250097936,F,09,Estrato 3,Educación profesional completa,Educación profesional completa,NO,11,"BOGOTÁ, D.C.",11001,"BOGOTÁ, D.C.",11004,INGENIERIA CIVIL,126,167,192,B1,186,198,174
2022,EK202250098038,M,09,Estrato 1,Primaria incompleta,Primaria incompleta,NO,11,"BOGOTÁ, D.C.",11001,"BOGOTÁ, D.C.",11004,INGENIERIA CIVIL,116,115,126,A2,126,161,129
2022,EK202250097012,M,09,Estrato 1,Primaria incompleta,Primaria incompleta,NO,11,"BOGOTÁ, D.C.",11001,"BOGOTÁ, D.C.",11004,INGENIERIA CIVIL,122,120,131,A2,106,186,133
2022,EK202250098031,M,10,NA,NA,NA,NO,11,"BOGOTÁ, D.C.",11001,"BOGOTÁ, D.C.",11004,INGENIERIA CIVIL,146,135,136,A2,145,174,147
2022,EK202250097171,F,09,Estrato 3,Primaria completa,Primaria incompleta,NO,11,"BOGOTÁ, D.C.",11001,"BOGOTÁ, D.C.",11004,INGENIERIA CIVIL,134,166,134,A2,144,109,137
2022,EK202250097247,M,10,Estrato 2,Secundaria (Bachillerato) completa,Secundaria (Bachillerato) incompleta,NO,11,"BOGOTÁ, D.C.",11001,"BOGOTÁ, D.C.",11004,INGENIERIA CIVIL,139,0,159,A2,131,147,115
2022,EK202250106883,M,08,Estrato 2,Primaria completa,Primaria incompleta,NO,05,ANTIOQUIA,05045,APARTADÓ,6527,ADMINISTRACION DE EMPRESAS,110,155,128,A2,122,121,127
2022,EK202250097860,M,09,Estrato 3,Secundaria (Bachillerato) incompleta,Secundaria (Bachillerato) completa,NO,11,"BOGOTÁ, D.C.",11001,"BOGOTÁ, D.C.",11004,INGENIERIA CIVIL,109,81,132,A2,125,122,114
2022,EK202250097284,M,10,Estrato 4,Educación profesional completa,Secundaria (Bachillerato) completa,NO,11,"BOGOTÁ, D.C.",11001,"BOGOTÁ, D.C.",11004,INGENIERIA CIVIL,138,123,170,B1,143,198,154
2022,EK202250152745,M,09,Estrato 2,Primaria incompleta,Secundaria (Bachillerato) incompleta,NO,11,"BOGOTÁ, D.C.",11001,"BOGOTÁ, D.C.",10963,RELACIONES INTERNACIONALES Y ESTUDIOS POLITICOS,126,160,169,B1,167,175,159
2022,EK202250134852,F,09,Estrato 4,Secundaria (Bachillerato) incompleta,Secundaria (Bachillerato) incompleta,NO,11,"BOGOTÁ, D.C.",11001,"BOGOTÁ, D.C.",11428,CONTADURIA PUBLICA,152,162,164,A2,156,148,156
2022,EK202250097024,M,10,Estrato 2,Educación profesional completa,Secundaria (Bachillerato) incompleta,NO,11,"BOGOTÁ, D.C.",11001,"BOGOTÁ, D.C.",11004,INGENIERIA CIVIL,137,156,170,B1,183,184,166
2022,EK202250097366,M,08,Estrato 3,Primaria completa,Secundaria (Bachillerato) incompleta,NO,11,"BOGOTÁ, D.C.",11001,"BOGOTÁ, D.C.",11004,INGENIERIA CIVIL,120,80,108,A1,136,159,121
2022,EK202250098060,F,09,Estrato 2,Secundaria (Bachillerato) completa,Educación profesional incompleta,NO,11,"BOGOTÁ, D.C.",11001,"BOGOTÁ, D.C.",11004,INGENIERIA CIVIL,192,156,192,B1,171,193,181
2022,EK202250153181,F,08,Estrato 5,Educación profesional incompleta,Educación profesional completa,NO,11,"BOGOTÁ, D.C.",11001,"BOGOTÁ, D.C.",10963,RELACIONES INTERNACIONALES Y ESTUDIOS POLITICOS,192,160,185,B1,173,153,173
2022,EK202250098085,M,10,Estrato 3,Primaria incompleta,Primaria completa,NO,11,"BOGOTÁ, D.C.",11001,"BOGOTÁ, D.C.",11004,INGENIERIA CIVIL,150,95,132,A2,141,173,138
2022,EK202250107192,F,09,Estrato 2,Secundaria (Bachillerato) completa,Secundaria (Bachillerato) completa,NO,11,"BOGOTÁ, D.C.",11001,"BOGOTÁ, D.C.",6527,ADMINISTRACION DE EMPRESAS,180,165,141,A2,172,113,154
2022,EK202250097470,F,09,Estrato 1,Secundaria (Bachillerato) completa,Primaria completa,NO,11,"BOGOTÁ, D.C.",11001,"BOGOTÁ, D.C.",11004,INGENIERIA CIVIL,133,145,166,B1,147,191,156
2022,EK202250098076,M,10,Estrato 2,Técnica o tecnológica incompleta,Primaria incompleta,NO,11,"BOGOTÁ, D.C.",11001,"BOGOTÁ, D.C.",11004,INGENIERIA CIVIL,160,128,139,A2,121,171,144
2022,EK202250097228,M,10,Estrato 1,Primaria incompleta,Primaria incompleta,NO,11,"BOGOTÁ, D.C.",11001,"BOGOTÁ, D.C.",11004,INGENIERIA CIVIL,89,128,137,A2,123,112,118
2022,EK202250097126,M,09,Estrato 2,Técnica o tecnológica completa,Técnica o tecnológica incompleta,NO,11,"BOGOTÁ, D.C.",11001,"BOGOTÁ, D.C.",11004,INGENIERIA CIVIL,132,120,119,A1,140,147,132
2022,EK202250097276,F,10,Estrato 2,Primaria incompleta,Técnica o tecnológica completa,NO,66,RISARALDA,66001,PEREIRA,11004,INGENIERIA CIVIL,142,144,152,A2,122,104,133
2022,EK202250097940,M,09,Estrato 2,Secundaria (Bachillerato) completa,Técnica o tecnológica incompleta,NO,11,"BOGOTÁ, D.C.",11001,"BOGOTÁ, D.C.",11004,INGENIERIA CIVIL,137,165,166,B1,156,143,153
2022,EK202250097823,F,10,Estrato 3,Técnica o tecnológica incompleta,Educación profesional completa,NO,11,"BOGOTÁ, D.C.",11001,"BOGOTÁ, D.C.",11004,INGENIERIA CIVIL,146,122,168,B1,152,157,149
2022,EK202250140963,M,08,Estrato 1,Primaria incompleta,Primaria incompleta,NO,11,"BOGOTÁ, D.C.",11001,"BOGOTÁ, D.C.",105142,INGENIERIA INFORMÁTICA,121,131,152,A2,132,139,135
2022,EK202250096778,F,09,Estrato 3,Secundaria (Bachillerato) completa,Secundaria (Bachillerato) completa,NO,11,"BOGOTÁ, D.C.",11001,"BOGOTÁ, D.C.",11004,INGENIERIA CIVIL,87,150,154,A2,170,137,140
2022,EK202250141370,M,08,Estrato 4,Primaria incompleta,Primaria incompleta,NO,11,"BOGOTÁ, D.C.",11001,"BOGOTÁ, D.C.",105142,INGENIERIA INFORMÁTICA,212,190,180,B1,183,183,190
2022,EK202250096871,M,10,Estrato 2,Postgrado,Técnica o tecnológica completa,NO,11,"BOGOTÁ, D.C.",11001,"BOGOTÁ, D.C.",11004,INGENIERIA CIVIL,174,125,149,A2,189,168,161
2022,EK202250097521,M,10,Estrato 2,Secundaria (Bachillerato) completa,Técnica o tecnológica completa,NO,11,"BOGOTÁ, D.C.",11001,"BOGOTÁ, D.C.",11004,INGENIERIA CIVIL,119,123,173,B1,102,190,141
2022,EK202250134667,F,09,Estrato 3,Secundaria (Bachillerato) completa,Técnica o tecnológica completa,NO,11,"BOGOTÁ, D.C.",11001,"BOGOTÁ, D.C.",11428,CONTADURIA PUBLICA,138,0,139,A2,164,128,114
2022,EK202250107216,M,08,Estrato 3,Ninguno,Primaria incompleta,NO,11,"BOGOTÁ, D.C.",11001,"BOGOTÁ, D.C.",6527,ADMINISTRACION DE EMPRESAS,160,170,196,B2,142,165,167
2022,EK202250097999,M,10,Estrato 3,Educación profesional completa,Educación profesional completa,NO,11,"BOGOTÁ, D.C.",11001,"BOGOTÁ, D.C.",11004,INGENIERIA CIVIL,153,126,163,A2,173,201,163
2022,EK202250097304,M,10,NA,NA,NA,NO,11,"BOGOTÁ, D.C.",11001,"BOGOTÁ, D.C.",11004,INGENIERIA CIVIL,81,129,119,A1,129,160,124
2022,EK202250097550,M,10,Estrato 3,Secundaria (Bachillerato) completa,Postgrado,NO,11,"BOGOTÁ, D.C.",11001,"BOGOTÁ, D.C.",11004,INGENIERIA CIVIL,144,137,153,A2,129,128,138
2022,EK202250153049,M,08,Estrato 4,Educación profesional completa,Educación profesional completa,NO,11,"BOGOTÁ, D.C.",11001,"BOGOTÁ, D.C.",10963,RELACIONES INTERNACIONALES Y ESTUDIOS POLITICOS,188,158,189,B1,166,129,166
2022,EK202250098036,M,08,NA,Secundaria (Bachillerato) completa,Educación profesional incompleta,NO,11,"BOGOTÁ, D.C.",11001,"BOGOTÁ, D.C.",11004,INGENIERIA CIVIL,202,117,193,B1,206,200,184
2022,EK202250200160,M,NA,NA,NA,NA,NO,11,"BOGOTÁ, D.C.",11001,"BOGOTÁ, D.C.",10963,RELACIONES INTERNACIONALES Y ESTUDIOS POLITICOS,132,147,126,A2,148,115,134
2022,EK202250097133,M,09,Estrato 3,Secundaria (Bachillerato) completa,Secundaria (Bachillerato) completa,NO,11,"BOGOTÁ, D.C.",11001,"BOGOTÁ, D.C.",11004,INGENIERIA CIVIL,157,129,184,B1,153,156,156
2022,EK202250107163,F,07,Estrato 2,Secundaria (Bachillerato) completa,Secundaria (Bachillerato) incompleta,NO,11,"BOGOTÁ, D.C.",11001,"BOGOTÁ, D.C.",6527,ADMINISTRACION DE EMPRESAS,120,143,146,A2,131,159,140
2022,EK202250106889,M,08,Estrato 3,Técnica o tecnológica completa,Educación profesional completa,NO,11,"BOGOTÁ, D.C.",11001,"BOGOTÁ, D.C.",6527,ADMINISTRACION DE EMPRESAS,152,145,162,A2,151,144,151
2022,EK202250177042,F,09,Estrato 2,Educación profesional completa,Técnica o tecnológica completa,NO,47,MAGDALENA,47245,EL BANCO,11428,CONTADURIA PUBLICA,80,123,162,A2,136,145,129
2022,EK202250134467,F,09,Estrato 3,Secundaria (Bachillerato) completa,Secundaria (Bachillerato) completa,NO,25,CUNDINAMARCA,25754,SOACHA,11428,CONTADURIA PUBLICA,110,130,129,A2,123,116,122
2022,EK202250134877,M,09,NA,NA,NA,NO,11,"BOGOTÁ, D.C.",11001,"BOGOTÁ, D.C.",11428,CONTADURIA PUBLICA,0,121,0,A1,165,154,88
2022,EK202250098033,M,10,Estrato 2,Secundaria (Bachillerato) completa,Secundaria (Bachillerato) completa,NO,11,"BOGOTÁ, D.C.",11001,"BOGOTÁ, D.C.",11004,INGENIERIA CIVIL,142,136,150,A2,138,180,149
2022,EK202250097184,M,10,Estrato 1,Secundaria (Bachillerato) incompleta,Primaria incompleta,NO,11,"BOGOTÁ, D.C.",11001,"BOGOTÁ, D.C.",11004,INGENIERIA CIVIL,126,87,111,A1,180,150,131
2022,EK202250106891,M,09,Estrato 1,Técnica o tecnológica completa,Primaria incompleta,NO,25,CUNDINAMARCA,25899,ZIPAQUIRÁ,6527,ADMINISTRACION DE EMPRESAS,131,161,128,A2,124,167,142
2022,EK202250097784,F,10,Estrato 2,Técnica o tecnológica incompleta,Técnica o tecnológica completa,NO,11,"BOGOTÁ, D.C.",11001,"BOGOTÁ, D.C.",11004,INGENIERIA CIVIL,165,81,159,A2,167,184,151
2022,EK202250097499,M,10,Estrato 3,Técnica o tecnológica completa,Educación profesional completa,NO,11,"BOGOTÁ, D.C.",11001,"BOGOTÁ, D.C.",11004,INGENIERIA CIVIL,125,101,117,A1,106,170,124
2022,EK202250134711,M,09,Estrato 3,Primaria incompleta,Primaria completa,NO,11,"BOGOTÁ, D.C.",11001,"BOGOTÁ, D.C.",11428,CONTADURIA PUBLICA,164,167,159,A2,156,149,159
2022,EK202250098040,F,10,Estrato 2,Técnica o tecnológica completa,Técnica o tecnológica incompleta,NO,11,"BOGOTÁ, D.C.",11001,"BOGOTÁ, D.C.",11004,INGENIERIA CIVIL,130,151,182,B1,167,168,160
2022,EK202250097891,F,10,Estrato 1,Secundaria (Bachillerato) incompleta,Secundaria (Bachillerato) incompleta,NO,11,"BOGOTÁ, D.C.",11001,"BOGOTÁ, D.C.",11004,INGENIERIA CIVIL,130,152,166,B1,118,147,143
2022,EK202250135233,F,08,Estrato 2,Secundaria (Bachillerato) completa,Primaria incompleta,NO,11,"BOGOTÁ, D.C.",11001,"BOGOTÁ, D.C.",11428,CONTADURIA PUBLICA,155,0,185,B1,177,179,139
2022,EK202250097201,M,10,Estrato 2,Técnica o tecnológica completa,Técnica o tecnológica completa,NO,11,"BOGOTÁ, D.C.",11001,"BOGOTÁ, D.C.",11004,INGENIERIA CIVIL,172,81,132,A2,180,180,149
2022,EK202250141390,M,08,Estrato 3,Secundaria (Bachillerato) incompleta,Técnica o tecnológica completa,NO,11,"BOGOTÁ, D.C.",11001,"BOGOTÁ, D.C.",105142,INGENIERIA INFORMÁTICA,182,143,163,A2,165,170,165
2022,EK202250097046,M,10,Estrato 3,Secundaria (Bachillerato) incompleta,Secundaria (Bachillerato) incompleta,NO,11,"BOGOTÁ, D.C.",11001,"BOGOTÁ, D.C.",11004,INGENIERIA CIVIL,203,105,180,B1,186,167,168
2022,EK202250097477,M,10,Estrato 2,Primaria completa,Secundaria (Bachillerato) incompleta,NO,11,"BOGOTÁ, D.C.",11001,"BOGOTÁ, D.C.",11004,INGENIERIA CIVIL,159,101,156,A2,145,152,143
2022,EK202250096987,M,10,Estrato 3,Postgrado,Postgrado,NO,11,"BOGOTÁ, D.C.",11001,"BOGOTÁ, D.C.",11004,INGENIERIA CIVIL,150,160,171,B1,170,182,167
2022,EK202250098023,M,10,Estrato 2,Secundaria (Bachillerato) completa,Primaria incompleta,NO,11,"BOGOTÁ, D.C.",11001,"BOGOTÁ, D.C.",11004,INGENIERIA CIVIL,130,163,182,B1,101,169,149
2022,EK202250097963,F,09,Estrato 2,Secundaria (Bachillerato) incompleta,Primaria incompleta,NO,11,"BOGOTÁ, D.C.",11001,"BOGOTÁ, D.C.",11004,INGENIERIA CIVIL,87,0,167,B1,123,162,108
2022,EK202250106881,F,07,NA,NA,NA,NO,11,"BOGOTÁ, D.C.",11001,"BOGOTÁ, D.C.",6527,ADMINISTRACION DE EMPRESAS,152,170,154,A2,168,154,160
2022,EK202250194738,F,09,Estrato 3,Secundaria (Bachillerato) incompleta,Secundaria (Bachillerato) completa,NO,11,"BOGOTÁ, D.C.",11001,"BOGOTÁ, D.C.",11004,INGENIERIA CIVIL,120,125,156,A2,154,124,136
2022,EK202250096966,M,08,Estrato 2,Secundaria (Bachillerato) completa,Educación profesional incompleta,NO,11,"BOGOTÁ, D.C.",11001,"BOGOTÁ, D.C.",11004,INGENIERIA CIVIL,86,149,133,A2,94,152,123
2022,EK202250097009,M,10,Estrato 3,Secundaria (Bachillerato) completa,Técnica o tecnológica completa,NO,11,"BOGOTÁ, D.C.",11001,"BOGOTÁ, D.C.",11004,INGENIERIA CIVIL,120,161,116,A1,104,153,131
2022,EK202250098103,M,10,Estrato 3,Primaria incompleta,Ninguno,NO,11,"BOGOTÁ, D.C.",11001,"BOGOTÁ, D.C.",11004,INGENIERIA CIVIL,193,91,143,A2,190,172,158
2022,EK202250097145,M,10,Estrato 2,Educación profesional completa,Secundaria (Bachillerato) completa,NO,11,"BOGOTÁ, D.C.",11001,"BOGOTÁ, D.C.",11004,INGENIERIA CIVIL,164,159,155,A2,142,186,161
2022,EK202250097952,M,09,Estrato 2,Secundaria (Bachillerato) incompleta,Secundaria (Bachillerato) completa,NO,11,"BOGOTÁ, D.C.",11001,"BOGOTÁ, D.C.",11004,INGENIERIA CIVIL,148,81,144,A2,137,169,136
2022,EK202250134966,F,09,Estrato 3,Primaria incompleta,No sabe,NO,11,"BOGOTÁ, D.C.",11001,"BOGOTÁ, D.C.",11428,CONTADURIA PUBLICA,179,84,143,A2,161,144,142
2022,EK202250185628,F,09,Estrato 3,Secundaria (Bachillerato) completa,Primaria incompleta,NO,11,"BOGOTÁ, D.C.",11001,"BOGOTÁ, D.C.",11004,INGENIERIA CIVIL,102,125,123,A2,126,100,115
2022,EK202250107185,F,08,Estrato 3,Primaria incompleta,Primaria incompleta,NO,11,"BOGOTÁ, D.C.",11001,"BOGOTÁ, D.C.",6527,ADMINISTRACION DE EMPRESAS,200,92,156,A2,191,158,159
2022,EK202250097932,M,10,Estrato 2,Postgrado,Postgrado,NO,11,"BOGOTÁ, D.C.",11001,"BOGOTÁ, D.C.",11004,INGENIERIA CIVIL,160,83,99,A1,176,97,123
2022,EK202250097343,M,10,Estrato 2,Primaria completa,Primaria completa,NO,11,"BOGOTÁ, D.C.",11001,"BOGOTÁ, D.C.",11004,INGENIERIA CIVIL,136,175,140,A2,126,143,144
2022,EK202250098111,F,10,Estrato 2,Primaria completa,Primaria incompleta,NO,11,"BOGOTÁ, D.C.",11001,"BOGOTÁ, D.C.",11004,INGENIERIA CIVIL,91,0,166,B1,142,204,121
2022,EK202250177041,M,08,Estrato 2,Primaria incompleta,Primaria incompleta,NO,11,"BOGOTÁ, D.C.",11001,"BOGOTÁ, D.C.",11428,CONTADURIA PUBLICA,178,131,132,A2,144,140,145
2022,EK202250152805,M,09,Estrato 4,Postgrado,Postgrado,NO,11,"BOGOTÁ, D.C.",11001,"BOGOTÁ, D.C.",10963,RELACIONES INTERNACIONALES Y ESTUDIOS POLITICOS,125,0,140,A2,93,139,99
2022,EK202250097465,M,10,Estrato 2,Primaria incompleta,Primaria incompleta,NO,11,"BOGOTÁ, D.C.",11001,"BOGOTÁ, D.C.",11004,INGENIERIA CIVIL,160,109,130,A2,133,195,145
2022,EK202250106886,M,08,Estrato 5,Secundaria (Bachillerato) completa,Secundaria (Bachillerato) incompleta,NO,11,"BOGOTÁ, D.C.",11001,"BOGOTÁ, D.C.",6527,ADMINISTRACION DE EMPRESAS,138,109,136,A2,119,108,122
2022,EK202250152601,M,08,Estrato 3,Educación profesional completa,Educación profesional completa,NO,11,"BOGOTÁ, D.C.",11001,"BOGOTÁ, D.C.",10963,RELACIONES INTERNACIONALES Y ESTUDIOS POLITICOS,151,151,120,A1,143,138,141
2022,EK202250106893,M,09,Estrato 2,Secundaria (Bachillerato) completa,Educación profesional incompleta,NO,11,"BOGOTÁ, D.C.",11001,"BOGOTÁ, D.C.",6527,ADMINISTRACION DE EMPRESAS,164,168,140,A2,141,129,148
2022,EK202250097092,M,10,Estrato 1,Ninguno,Primaria incompleta,NO,11,"BOGOTÁ, D.C.",11001,"BOGOTÁ, D.C.",11004,INGENIERIA CIVIL,126,87,162,A2,138,201,143
2022,EK202250097216,M,09,Estrato 3,Primaria completa,Primaria completa,NO,11,"BOGOTÁ, D.C.",11001,"BOGOTÁ, D.C.",11004,INGENIERIA CIVIL,128,124,139,A2,119,135,129
2022,EK202250097428,F,09,Estrato 2,Técnica o tecnológica incompleta,Secundaria (Bachillerato) completa,NO,11,"BOGOTÁ, D.C.",11001,"BOGOTÁ, D.C.",11004,INGENIERIA CIVIL,147,160,126,A2,149,152,147
2022,EK202250106890,F,08,Estrato 2,Primaria completa,Primaria completa,NO,25,CUNDINAMARCA,25430,MADRID,6527,ADMINISTRACION DE EMPRESAS,131,146,144,A2,149,164,147
2022,EK202250185958,M,08,Estrato 2,Secundaria (Bachillerato) completa,Secundaria (Bachillerato) completa,NO,11,"BOGOTÁ, D.C.",11001,"BOGOTÁ, D.C.",53703,INGENIERIA INDUSTRIAL,150,157,142,A2,121,179,150
2022,EK202250097970,F,09,Estrato 3,Técnica o tecnológica completa,Técnica o tecnológica incompleta,NO,11,"BOGOTÁ, D.C.",11001,"BOGOTÁ, D.C.",11004,INGENIERIA CIVIL,120,119,131,A2,116,163,130
2022,EK202250097798,F,09,Estrato 4,Educación profesional incompleta,Postgrado,NO,11,"BOGOTÁ, D.C.",11001,"BOGOTÁ, D.C.",11004,INGENIERIA CIVIL,164,105,182,B1,153,156,152
2022,EK202250135408,F,08,NA,Secundaria (Bachillerato) completa,Secundaria (Bachillerato) completa,NO,11,"BOGOTÁ, D.C.",11001,"BOGOTÁ, D.C.",11428,CONTADURIA PUBLICA,126,126,123,A2,119,160,131
2022,EK202250097850,M,10,Estrato 3,Técnica o tecnológica completa,Secundaria (Bachillerato) completa,NO,11,"BOGOTÁ, D.C.",11001,"BOGOTÁ, D.C.",11004,INGENIERIA CIVIL,136,122,139,A2,125,105,125
2022,EK202250200386,F,NA,Estrato 2,Primaria completa,Primaria incompleta,NO,11,"BOGOTÁ, D.C.",11001,"BOGOTÁ, D.C.",11428,CONTADURIA PUBLICA,108,110,127,A2,107,115,113
2022,EK202250200428,M,NA,Estrato 3,Educación profesional completa,Educación profesional completa,NO,11,"BOGOTÁ, D.C.",11001,"BOGOTÁ, D.C.",10963,RELACIONES INTERNACIONALES Y ESTUDIOS POLITICOS,204,184,200,B2,146,148,176
2022,EK202260200893,M,NA,Estrato 4,Secundaria (Bachillerato) completa,Secundaria (Bachillerato) completa,SI,NA,NA,NA,NA,10963,RELACIONES INTERNACIONALES Y ESTUDIOS POLITICOS,197,100,187,B1,183,143,162
2022,EK202260200793,F,NA,Estrato 2,Postgrado,Educación profesional completa,SI,NA,NA,NA,NA,11004,INGENIERIA CIVIL,187,146,201,B2,179,197,182
2022,EK202260200797,M,NA,Estrato 3,Primaria incompleta,Secundaria (Bachillerato) incompleta,SI,NA,NA,NA,NA,11004,INGENIERIA CIVIL,130,0,182,B1,147,105,113
2022,EK202260200794,F,NA,Sin Estrato,Secundaria (Bachillerato) completa,Postgrado,SI,NA,NA,NA,NA,11004,INGENIERIA CIVIL,103,0,174,B1,108,163,110
2022,EK202260200795,M,NA,Sin Estrato,Primaria incompleta,Secundaria (Bachillerato) incompleta,SI,NA,NA,NA,NA,11004,INGENIERIA CIVIL,137,93,168,B1,121,117,127
2022,EK202260200798,M,NA,Estrato 1,Técnica o tecnológica completa,Educación profesional incompleta,SI,NA,NA,NA,NA,11004,INGENIERIA CIVIL,127,0,151,A2,146,169,119
2022,EK202260200894,F,NA,Estrato 2,Ninguno,Ninguno,SI,NA,NA,NA,NA,10963,RELACIONES INTERNACIONALES Y ESTUDIOS POLITICOS,133,140,158,A2,109,90,126
2023,EK202310155008,F,08,Estrato 1,Secundaria (Bachillerato) incompleta,Primaria incompleta,NO,25,CUNDINAMARCA,25754,SOACHA,6527,ADMINISTRACION DE EMPRESAS,166,151,155,A2,174,147,159
2023,EK202310147317,F,09,Estrato 2,Primaria incompleta,Primaria incompleta,NO,11,"BOGOTÁ, D.C.",11001,"BOGOTÁ, D.C.",11428,CONTADURIA PUBLICA,94,124,144,A2,121,106,118
2023,EK202310165281,F,09,Estrato 5,Postgrado,Secundaria (Bachillerato) completa,NO,11,"BOGOTÁ, D.C.",11001,"BOGOTÁ, D.C.",53703,INGENIERIA INDUSTRIAL,155,145,182,B1,168,138,158
2023,EK202310147361,F,09,NA,Secundaria (Bachillerato) incompleta,Primaria incompleta,NO,25,CUNDINAMARCA,25899,ZIPAQUIRÁ,11428,CONTADURIA PUBLICA,136,151,141,A2,120,163,142
2023,EK202310155175,M,09,Estrato 4,Primaria incompleta,Primaria completa,NO,25,CUNDINAMARCA,25899,ZIPAQUIRÁ,6527,ADMINISTRACION DE EMPRESAS,116,175,139,A2,127,131,138
2023,EK202310173782,F,09,Estrato 6,Primaria incompleta,Primaria incompleta,NO,66,RISARALDA,66001,PEREIRA,11004,INGENIERIA CIVIL,181,141,154,A2,158,140,155
2023,EK202310174782,F,09,Estrato 2,Primaria incompleta,Primaria incompleta,NO,15,BOYACÁ,15001,TUNJA,11004,INGENIERIA CIVIL,100,142,140,A2,132,113,125
2023,EK202310155023,F,09,Estrato 3,Secundaria (Bachillerato) completa,Técnica o tecnológica completa,NO,11,"BOGOTÁ, D.C.",11001,"BOGOTÁ, D.C.",6527,ADMINISTRACION DE EMPRESAS,135,135,146,A2,110,164,138
2023,EK202310173951,F,10,Estrato 2,Primaria incompleta,Primaria incompleta,NO,52,NARIÑO,52001,PASTO,11004,INGENIERIA CIVIL,95,104,131,A2,137,105,114
2023,EK202310174804,F,10,Estrato 2,Educación profesional incompleta,Secundaria (Bachillerato) completa,NO,11,"BOGOTÁ, D.C.",11001,"BOGOTÁ, D.C.",11004,INGENIERIA CIVIL,143,187,162,A2,137,127,151
2023,EK202310147288,F,09,Estrato 2,Primaria incompleta,Primaria incompleta,NO,25,CUNDINAMARCA,25175,CHÍA,11428,CONTADURIA PUBLICA,156,174,119,A1,157,157,153
2023,EK202310155142,F,09,Estrato 3,Primaria completa,Primaria completa,NO,41,HUILA,41001,NEIVA,6527,ADMINISTRACION DE EMPRESAS,130,189,104,A1,107,127,131
2023,EK202310173908,M,10,Estrato 3,Secundaria (Bachillerato) completa,Postgrado,NO,68,SANTANDER,68081,BARRANCABERMEJA,11004,INGENIERIA CIVIL,185,160,190,B1,191,199,185
2023,EK202310215762,M,07,Estrato 4,Secundaria (Bachillerato) completa,Primaria incompleta,NO,11,"BOGOTÁ, D.C.",11001,"BOGOTÁ, D.C.",108241,"ADMINISTRACION DE RIESGOS, SEGURIDAD Y SALUD EN EL TRABAJO",145,179,149,A2,149,153,155
2023,EK202310174999,M,09,Estrato 3,Primaria incompleta,Primaria incompleta,NO,25,CUNDINAMARCA,25290,FUSAGASUGÁ,11004,INGENIERIA CIVIL,151,172,162,A2,212,210,181
2023,EK202310173922,F,09,Estrato 2,Primaria incompleta,No Aplica,NO,11,"BOGOTÁ, D.C.",11001,"BOGOTÁ, D.C.",11004,INGENIERIA CIVIL,125,164,141,A2,128,129,137
2023,EK202310173707,M,10,Estrato 3,Secundaria (Bachillerato) completa,Educación profesional incompleta,NO,25,CUNDINAMARCA,25286,FUNZA,11004,INGENIERIA CIVIL,184,118,167,B1,190,210,174
2023,EK202310173658,M,09,NA,NA,NA,NO,73,TOLIMA,73001,IBAGUÉ,11004,INGENIERIA CIVIL,116,115,138,A2,98,124,118
2023,EK202310155212,M,08,Estrato 3,Secundaria (Bachillerato) completa,Secundaria (Bachillerato) completa,NO,11,"BOGOTÁ, D.C.",11001,"BOGOTÁ, D.C.",6527,ADMINISTRACION DE EMPRESAS,97,159,117,A1,88,135,119
2023,EK202310173681,M,09,Estrato 2,Secundaria (Bachillerato) incompleta,Secundaria (Bachillerato) completa,NO,76,VALLE DEL CAUCA,76001,SANTIAGO DE CALI,11004,INGENIERIA CIVIL,207,0,164,A2,165,191,145
2023,EK202310174622,M,09,Estrato 2,Secundaria (Bachillerato) completa,Secundaria (Bachillerato) completa,NO,47,MAGDALENA,47001,SANTA MARTA,11004,INGENIERIA CIVIL,120,127,126,A2,117,119,122
2023,EK202310174712,M,09,Estrato 1,Ninguno,Primaria completa,NO,25,CUNDINAMARCA,25899,ZIPAQUIRÁ,11004,INGENIERIA CIVIL,120,130,125,A2,128,100,121
2023,EK202310147282,F,09,Estrato 2,Primaria completa,Primaria incompleta,NO,11,"BOGOTÁ, D.C.",11001,"BOGOTÁ, D.C.",11428,CONTADURIA PUBLICA,174,159,125,A2,158,106,144
2023,EK202310173752,M,09,Estrato 3,Secundaria (Bachillerato) completa,Secundaria (Bachillerato) completa,NO,11,"BOGOTÁ, D.C.",11001,"BOGOTÁ, D.C.",11004,INGENIERIA CIVIL,156,151,157,A2,132,164,152
2023,EK202310174664,F,09,Estrato 2,Técnica o tecnológica completa,Primaria incompleta,NO,05,ANTIOQUIA,05308,GIRARDOTA,11004,INGENIERIA CIVIL,175,155,129,A2,126,149,147
2023,EK202310152657,F,09,Estrato 4,Educación profesional incompleta,Técnica o tecnológica completa,NO,11,"BOGOTÁ, D.C.",11001,"BOGOTÁ, D.C.",53703,INGENIERIA INDUSTRIAL,118,162,126,A2,150,149,141
2023,EK202310173895,M,09,Estrato 3,Secundaria (Bachillerato) completa,Secundaria (Bachillerato) completa,NO,17,CALDAS,17001,MANIZALES,11004,INGENIERIA CIVIL,106,124,116,A1,143,167,131
2023,EK202310143664,F,09,Estrato 4,Secundaria (Bachillerato) incompleta,Primaria completa,NO,25,CUNDINAMARCA,25899,ZIPAQUIRÁ,53703,INGENIERIA INDUSTRIAL,154,128,139,A2,149,126,139
2023,EK202310216464,M,07,Estrato 3,Secundaria (Bachillerato) incompleta,Educación profesional incompleta,NO,11,"BOGOTÁ, D.C.",11001,"BOGOTÁ, D.C.",108241,"ADMINISTRACION DE RIESGOS, SEGURIDAD Y SALUD EN EL TRABAJO",171,117,147,A2,123,132,138
2023,EK202310173851,M,10,Estrato 2,Educación profesional incompleta,Técnica o tecnológica completa,NO,76,VALLE DEL CAUCA,76001,SANTIAGO DE CALI,11004,INGENIERIA CIVIL,117,162,113,A1,82,151,125
2023,EK202310217395,F,09,Estrato 3,Primaria completa,Secundaria (Bachillerato) completa,NO,11,"BOGOTÁ, D.C.",11001,"BOGOTÁ, D.C.",11004,INGENIERIA CIVIL,125,140,132,A2,126,128,130
2023,EK202310155244,F,09,Estrato 2,Técnica o tecnológica completa,Secundaria (Bachillerato) completa,NO,11,"BOGOTÁ, D.C.",11001,"BOGOTÁ, D.C.",6527,ADMINISTRACION DE EMPRESAS,156,125,153,A2,150,179,153
2023,EK202310185665,M,09,Estrato 3,Secundaria (Bachillerato) incompleta,Primaria incompleta,NO,11,"BOGOTÁ, D.C.",11001,"BOGOTÁ, D.C.",10963,RELACIONES INTERNACIONALES Y ESTUDIOS POLITICOS,190,130,133,A2,199,173,165
2023,EK202310216457,F,07,Estrato 4,Secundaria (Bachillerato) incompleta,Secundaria (Bachillerato) incompleta,NO,11,"BOGOTÁ, D.C.",11001,"BOGOTÁ, D.C.",108241,"ADMINISTRACION DE RIESGOS, SEGURIDAD Y SALUD EN EL TRABAJO",128,171,170,B1,142,148,152
2023,EK202310155074,F,09,NA,Secundaria (Bachillerato) completa,Técnica o tecnológica completa,NO,25,CUNDINAMARCA,25175,CHÍA,6527,ADMINISTRACION DE EMPRESAS,136,136,140,A2,133,150,139
2023,EK202310225739,M,09,Estrato 4,Secundaria (Bachillerato) incompleta,Técnica o tecnológica completa,NO,11,"BOGOTÁ, D.C.",11001,"BOGOTÁ, D.C.",11004,INGENIERIA CIVIL,175,196,127,A2,155,185,168
2023,EK202310155283,M,09,Estrato 3,Técnica o tecnológica incompleta,Secundaria (Bachillerato) incompleta,NO,11,"BOGOTÁ, D.C.",11001,"BOGOTÁ, D.C.",6527,ADMINISTRACION DE EMPRESAS,193,185,175,B1,173,180,181
2023,EK202310174757,F,10,Estrato 2,Secundaria (Bachillerato) completa,Primaria incompleta,NO,11,"BOGOTÁ, D.C.",11001,"BOGOTÁ, D.C.",11004,INGENIERIA CIVIL,88,151,127,A2,88,139,119
2023,EK202310173929,M,10,Estrato 2,Secundaria (Bachillerato) completa,Técnica o tecnológica incompleta,NO,73,TOLIMA,73001,IBAGUÉ,11004,INGENIERIA CIVIL,139,138,125,A2,138,179,144
2023,EK202310155262,M,08,Estrato 3,Primaria incompleta,Primaria incompleta,NO,50,META,50001,VILLAVICENCIO,6527,ADMINISTRACION DE EMPRESAS,149,117,151,A2,149,148,143
2023,EK202310155107,M,08,Estrato 3,Secundaria (Bachillerato) completa,Secundaria (Bachillerato) completa,NO,11,"BOGOTÁ, D.C.",11001,"BOGOTÁ, D.C.",6527,ADMINISTRACION DE EMPRESAS,141,138,127,A2,109,145,132
2023,EK202310147323,F,09,Estrato 2,Postgrado,Técnica o tecnológica completa,NO,25,CUNDINAMARCA,25899,ZIPAQUIRÁ,11428,CONTADURIA PUBLICA,155,145,176,B1,157,138,154
2023,EK202310155099,M,09,Estrato 2,Secundaria (Bachillerato) incompleta,Técnica o tecnológica completa,NO,25,CUNDINAMARCA,25899,ZIPAQUIRÁ,6527,ADMINISTRACION DE EMPRESAS,136,147,169,B1,170,166,158
2023,EK202310186691,M,08,Estrato 3,Técnica o tecnológica completa,Secundaria (Bachillerato) incompleta,NO,11,"BOGOTÁ, D.C.",11001,"BOGOTÁ, D.C.",10963,RELACIONES INTERNACIONALES Y ESTUDIOS POLITICOS,177,118,177,B1,174,161,161
2023,EK202310174073,F,09,Estrato 3,Secundaria (Bachillerato) completa,Primaria incompleta,NO,63,QUINDÍO,63001,ARMENIA,11004,INGENIERIA CIVIL,157,175,180,B1,182,171,173
2023,EK202310173719,M,09,Estrato 2,Primaria incompleta,Secundaria (Bachillerato) incompleta,NO,76,VALLE DEL CAUCA,76834,TULUÁ,11004,INGENIERIA CIVIL,149,155,143,A2,167,198,162
2023,EK202310173963,M,09,Estrato 4,Primaria incompleta,Primaria incompleta,NO,11,"BOGOTÁ, D.C.",11001,"BOGOTÁ, D.C.",11004,INGENIERIA CIVIL,179,157,164,A2,187,215,180
2023,EK202310147389,F,08,Estrato 3,Secundaria (Bachillerato) completa,Primaria incompleta,NO,11,"BOGOTÁ, D.C.",11001,"BOGOTÁ, D.C.",11428,CONTADURIA PUBLICA,123,163,170,B1,148,155,152
2023,EK202310215688,M,08,Estrato 5,Secundaria (Bachillerato) completa,Primaria completa,NO,11,"BOGOTÁ, D.C.",11001,"BOGOTÁ, D.C.",108241,"ADMINISTRACION DE RIESGOS, SEGURIDAD Y SALUD EN EL TRABAJO",83,138,105,A1,103,95,105
2023,EK202310152478,M,09,Estrato 4,Postgrado,Técnica o tecnológica completa,NO,23,CÓRDOBA,23001,MONTERÍA,53703,INGENIERIA INDUSTRIAL,119,179,198,B2,150,189,167
2023,EK202310216453,M,08,Estrato 3,Técnica o tecnológica completa,Postgrado,NO,50,META,50001,VILLAVICENCIO,108241,"ADMINISTRACION DE RIESGOS, SEGURIDAD Y SALUD EN EL TRABAJO",135,189,198,B2,142,109,155
2023,EK202310232746,M,08,Estrato 3,Técnica o tecnológica completa,Secundaria (Bachillerato) completa,NO,11,"BOGOTÁ, D.C.",11001,"BOGOTÁ, D.C.",10963,RELACIONES INTERNACIONALES Y ESTUDIOS POLITICOS,149,149,163,A2,168,157,157
2023,EK202310175246,M,09,Estrato 3,Primaria completa,Técnica o tecnológica completa,NO,11,"BOGOTÁ, D.C.",11001,"BOGOTÁ, D.C.",11004,INGENIERIA CIVIL,137,157,140,A2,145,168,149
2023,EK202310225442,F,08,Estrato 3,Técnica o tecnológica completa,Secundaria (Bachillerato) incompleta,NO,11,"BOGOTÁ, D.C.",11001,"BOGOTÁ, D.C.",53703,INGENIERIA INDUSTRIAL,182,167,161,A2,168,191,174
2023,EK202310175096,M,10,Estrato 3,Primaria incompleta,Primaria incompleta,NO,11,"BOGOTÁ, D.C.",11001,"BOGOTÁ, D.C.",11004,INGENIERIA CIVIL,133,135,140,A2,107,146,132
2023,EK202310185706,M,08,Estrato 2,Técnica o tecnológica completa,Secundaria (Bachillerato) completa,NO,76,VALLE DEL CAUCA,76001,SANTIAGO DE CALI,10963,RELACIONES INTERNACIONALES Y ESTUDIOS POLITICOS,180,173,147,A2,168,117,157
2023,EK202310173885,M,09,Estrato 3,Educación profesional completa,Ninguno,NO,76,VALLE DEL CAUCA,76111,GUADALAJARA DE BUGA,11004,INGENIERIA CIVIL,159,118,154,A2,150,160,148
2023,EK202310215269,M,09,Estrato 2,Primaria completa,Primaria incompleta,NO,47,MAGDALENA,47245,EL BANCO,11004,INGENIERIA CIVIL,139,151,121,A2,118,117,129
2023,EK202310215650,F,08,Estrato 3,Primaria incompleta,Técnica o tecnológica completa,NO,11,"BOGOTÁ, D.C.",11001,"BOGOTÁ, D.C.",108241,"ADMINISTRACION DE RIESGOS, SEGURIDAD Y SALUD EN EL TRABAJO",146,154,147,A2,141,131,144
2023,EK202310174030,M,09,Estrato 3,NA,Postgrado,NO,18,CAQUETÁ,18001,FLORENCIA,11004,INGENIERIA CIVIL,93,103,103,A1,103,89,98
2023,EK202310174020,M,10,Estrato 3,Primaria completa,Secundaria (Bachillerato) completa,NO,54,NORTE DE SANTANDER,54001,SAN JOSÉ DE CÚCUTA,11004,INGENIERIA CIVIL,122,159,126,A2,157,142,141
2023,EK202310174065,M,09,Estrato 1,Primaria incompleta,Ninguno,NO,17,CALDAS,17541,PENSILVANIA,11004,INGENIERIA CIVIL,90,133,114,A1,90,146,115
2023,EK202310004114,M,09,Estrato 2,Educación profesional completa,Técnica o tecnológica completa,NO,05,ANTIOQUIA,05890,YOLOMBÓ,11004,INGENIERIA CIVIL,142,191,159,A2,160,168,164
2023,EK202310216444,M,07,Estrato 3,Secundaria (Bachillerato) completa,Primaria completa,NO,11,"BOGOTÁ, D.C.",11001,"BOGOTÁ, D.C.",108241,"ADMINISTRACION DE RIESGOS, SEGURIDAD Y SALUD EN EL TRABAJO",145,300,181,B1,136,146,182
2023,EK202310216414,M,07,Estrato 3,Ninguno,Ninguno,NO,11,"BOGOTÁ, D.C.",11001,"BOGOTÁ, D.C.",108241,"ADMINISTRACION DE RIESGOS, SEGURIDAD Y SALUD EN EL TRABAJO",167,300,173,B1,195,129,193
2023,EK202310155080,M,09,Estrato 3,Técnica o tecnológica completa,Educación profesional completa,NO,11,"BOGOTÁ, D.C.",11001,"BOGOTÁ, D.C.",6527,ADMINISTRACION DE EMPRESAS,144,165,165,B1,112,112,140
2023,EK202310173970,F,10,Estrato 2,Primaria incompleta,Primaria incompleta,NO,11,"BOGOTÁ, D.C.",11001,"BOGOTÁ, D.C.",11004,INGENIERIA CIVIL,186,175,206,B2,114,127,162
2023,EK202310228234,M,09,Estrato 2,Primaria incompleta,Secundaria (Bachillerato) incompleta,NO,73,TOLIMA,73449,MELGAR,53703,INGENIERIA INDUSTRIAL,86,167,172,B1,201,109,147
2023,EK202310185712,M,08,Estrato 3,Secundaria (Bachillerato) completa,Secundaria (Bachillerato) incompleta,NO,76,VALLE DEL CAUCA,76001,SANTIAGO DE CALI,10963,RELACIONES INTERNACIONALES Y ESTUDIOS POLITICOS,105,202,141,A2,130,188,153
2023,EK202310155219,M,09,Estrato 3,Primaria incompleta,Primaria incompleta,NO,25,CUNDINAMARCA,25899,ZIPAQUIRÁ,6527,ADMINISTRACION DE EMPRESAS,153,147,164,A2,140,142,149
2023,EK202310216436,M,07,NA,Primaria completa,Primaria completa,NO,11,"BOGOTÁ, D.C.",11001,"BOGOTÁ, D.C.",108241,"ADMINISTRACION DE RIESGOS, SEGURIDAD Y SALUD EN EL TRABAJO",149,130,150,A2,143,132,141
2023,EK202310143098,M,09,NA,NA,NA,NO,15,BOYACÁ,15176,CHIQUINQUIRÁ,53703,INGENIERIA INDUSTRIAL,178,169,86,A1,159,181,155
2023,EK202310155158,F,09,Estrato 3,Primaria completa,Primaria completa,NO,25,CUNDINAMARCA,25175,CHÍA,6527,ADMINISTRACION DE EMPRESAS,142,138,166,B1,159,97,140
2023,EK202310240346,F,09,Estrato 4,Primaria incompleta,Primaria incompleta,NO,25,CUNDINAMARCA,25899,ZIPAQUIRÁ,6527,ADMINISTRACION DE EMPRESAS,182,188,192,B1,144,153,172
2023,EK202310216402,M,07,Estrato 2,Secundaria (Bachillerato) completa,Secundaria (Bachillerato) completa,NO,11,"BOGOTÁ, D.C.",11001,"BOGOTÁ, D.C.",108241,"ADMINISTRACION DE RIESGOS, SEGURIDAD Y SALUD EN EL TRABAJO",137,0,134,A2,112,117,100
2023,EK202310239392,F,08,Estrato 3,Secundaria (Bachillerato) completa,Secundaria (Bachillerato) incompleta,NO,11,"BOGOTÁ, D.C.",11001,"BOGOTÁ, D.C.",11428,CONTADURIA PUBLICA,95,141,103,A1,116,123,116
2023,EK202310185651,M,09,Estrato 3,Secundaria (Bachillerato) completa,Primaria incompleta,NO,11,"BOGOTÁ, D.C.",11001,"BOGOTÁ, D.C.",10963,RELACIONES INTERNACIONALES Y ESTUDIOS POLITICOS,148,172,168,B1,150,175,163
2023,EK202310185591,M,09,Estrato 3,Secundaria (Bachillerato) incompleta,Técnica o tecnológica completa,NO,25,CUNDINAMARCA,25430,MADRID,10963,RELACIONES INTERNACIONALES Y ESTUDIOS POLITICOS,155,169,126,A2,148,156,151
2023,EK202310186826,M,10,Estrato 5,Secundaria (Bachillerato) completa,Educación profesional completa,NO,11,"BOGOTÁ, D.C.",11001,"BOGOTÁ, D.C.",10963,RELACIONES INTERNACIONALES Y ESTUDIOS POLITICOS,211,116,192,B1,197,201,183
2023,EK202310174648,M,10,Estrato 3,Secundaria (Bachillerato) incompleta,Primaria incompleta,NO,11,"BOGOTÁ, D.C.",11001,"BOGOTÁ, D.C.",11004,INGENIERIA CIVIL,179,194,131,A2,176,216,179
2023,EK202310155162,F,08,Estrato 2,Secundaria (Bachillerato) completa,Secundaria (Bachillerato) completa,NO,11,"BOGOTÁ, D.C.",11001,"BOGOTÁ, D.C.",6527,ADMINISTRACION DE EMPRESAS,196,164,201,B2,158,161,176
2023,EK202310185645,M,08,Estrato 4,Secundaria (Bachillerato) completa,Postgrado,NO,47,MAGDALENA,47001,SANTA MARTA,10963,RELACIONES INTERNACIONALES Y ESTUDIOS POLITICOS,95,159,159,A2,176,180,154
2023,EK202310186806,M,09,Estrato 3,Postgrado,Secundaria (Bachillerato) incompleta,NO,11,"BOGOTÁ, D.C.",11001,"BOGOTÁ, D.C.",10963,RELACIONES INTERNACIONALES Y ESTUDIOS POLITICOS,172,124,190,B1,165,166,163
2023,EK202310186712,M,09,Estrato 3,Educación profesional completa,Educación profesional completa,NO,52,NARIÑO,52001,PASTO,10963,RELACIONES INTERNACIONALES Y ESTUDIOS POLITICOS,154,300,138,A2,140,156,178
2023,EK202310155258,M,09,NA,NA,NA,NO,11,"BOGOTÁ, D.C.",11001,"BOGOTÁ, D.C.",6527,ADMINISTRACION DE EMPRESAS,0,134,0,A1,106,150,78
2023,EK202310185659,M,08,Estrato 3,Secundaria (Bachillerato) completa,Secundaria (Bachillerato) completa,NO,11,"BOGOTÁ, D.C.",11001,"BOGOTÁ, D.C.",10963,RELACIONES INTERNACIONALES Y ESTUDIOS POLITICOS,141,154,177,B1,143,136,150
2023,EK202310232825,M,09,Estrato 4,Secundaria (Bachillerato) completa,Secundaria (Bachillerato) completa,NO,08,ATLÁNTICO,08001,BARRANQUILLA,10963,RELACIONES INTERNACIONALES Y ESTUDIOS POLITICOS,96,142,164,A2,180,151,147
2023,EK202310232827,M,09,Estrato 3,Primaria incompleta,Técnica o tecnológica completa,NO,11,"BOGOTÁ, D.C.",11001,"BOGOTÁ, D.C.",10963,RELACIONES INTERNACIONALES Y ESTUDIOS POLITICOS,103,165,157,A2,147,134,141
2023,EK202310147258,F,09,Estrato 2,Técnica o tecnológica completa,Postgrado,NO,20,CESAR,20001,VALLEDUPAR,11428,CONTADURIA PUBLICA,154,138,166,B1,174,111,149
2023,EK202310232833,M,09,Estrato 3,Secundaria (Bachillerato) incompleta,Primaria completa,NO,11,"BOGOTÁ, D.C.",11001,"BOGOTÁ, D.C.",10963,RELACIONES INTERNACIONALES Y ESTUDIOS POLITICOS,126,187,139,A2,138,137,145
2023,EK202310232750,M,09,Estrato 3,Postgrado,Educación profesional completa,NO,11,"BOGOTÁ, D.C.",11001,"BOGOTÁ, D.C.",10963,RELACIONES INTERNACIONALES Y ESTUDIOS POLITICOS,147,145,150,A2,130,147,144
2023,EK202310147378,F,08,Estrato 2,Técnica o tecnológica incompleta,Técnica o tecnológica incompleta,NO,11,"BOGOTÁ, D.C.",11001,"BOGOTÁ, D.C.",11428,CONTADURIA PUBLICA,142,151,182,B1,145,158,156
2023,EK202310155136,F,09,Estrato 2,Secundaria (Bachillerato) incompleta,Técnica o tecnológica completa,NO,11,"BOGOTÁ, D.C.",11001,"BOGOTÁ, D.C.",6527,ADMINISTRACION DE EMPRESAS,190,140,171,B1,179,182,172
2023,EK202310186732,M,09,Estrato 5,Secundaria (Bachillerato) completa,Primaria completa,NO,11,"BOGOTÁ, D.C.",11001,"BOGOTÁ, D.C.",10963,RELACIONES INTERNACIONALES Y ESTUDIOS POLITICOS,142,201,145,A2,132,119,148
2023,EK202310185670,M,09,Estrato 3,Primaria incompleta,Primaria incompleta,NO,25,CUNDINAMARCA,25290,FUSAGASUGÁ,10963,RELACIONES INTERNACIONALES Y ESTUDIOS POLITICOS,124,159,123,A2,123,81,122
2023,EK202310173938,M,10,Estrato 1,Educación profesional completa,Técnica o tecnológica completa,NO,76,VALLE DEL CAUCA,76001,SANTIAGO DE CALI,11004,INGENIERIA CIVIL,115,128,143,A2,141,145,134
2023,EK202310173836,F,09,Estrato 3,Técnica o tecnológica completa,Secundaria (Bachillerato) completa,NO,11,"BOGOTÁ, D.C.",11001,"BOGOTÁ, D.C.",11004,INGENIERIA CIVIL,214,142,188,B1,203,185,186
2023,EK202310147296,F,09,Estrato 2,Postgrado,Educación profesional completa,NO,25,CUNDINAMARCA,25307,GIRARDOT,11428,CONTADURIA PUBLICA,175,143,157,A2,184,166,165
2023,EK202310232821,M,08,Estrato 3,Educación profesional incompleta,Educación profesional completa,NO,11,"BOGOTÁ, D.C.",11001,"BOGOTÁ, D.C.",10963,RELACIONES INTERNACIONALES Y ESTUDIOS POLITICOS,106,136,187,B1,109,93,126
2023,EK202310186837,M,09,Estrato 3,Secundaria (Bachillerato) incompleta,Técnica o tecnológica incompleta,NO,13,BOLÍVAR,13001,CARTAGENA DE INDIAS,10963,RELACIONES INTERNACIONALES Y ESTUDIOS POLITICOS,153,170,164,A2,131,122,148
2023,EK202310147394,F,08,Estrato 3,Educación profesional completa,Secundaria (Bachillerato) completa,NO,50,META,50001,VILLAVICENCIO,11428,CONTADURIA PUBLICA,155,158,155,A2,158,151,155
2023,EK202310173763,M,09,Estrato 2,Primaria completa,Primaria completa,NO,11,"BOGOTÁ, D.C.",11001,"BOGOTÁ, D.C.",11004,INGENIERIA CIVIL,96,160,144,A2,124,153,135
2023,EK202310175079,M,09,Estrato 3,Primaria completa,Primaria completa,NO,05,ANTIOQUIA,05360,ITAGÜÍ,11004,INGENIERIA CIVIL,137,149,135,A2,146,148,143
2023,EK202310185719,F,08,Estrato 2,Primaria completa,Secundaria (Bachillerato) incompleta,NO,11,"BOGOTÁ, D.C.",11001,"BOGOTÁ, D.C.",10963,RELACIONES INTERNACIONALES Y ESTUDIOS POLITICOS,153,133,149,A2,130,149,143
2023,EK202310147276,F,09,Estrato 3,Postgrado,Postgrado,NO,11,"BOGOTÁ, D.C.",11001,"BOGOTÁ, D.C.",11428,CONTADURIA PUBLICA,157,200,183,B1,169,204,183
2023,EK202310232751,M,09,Estrato 3,Educación profesional completa,Técnica o tecnológica completa,NO,05,ANTIOQUIA,05001,MEDELLÍN,10963,RELACIONES INTERNACIONALES Y ESTUDIOS POLITICOS,95,184,95,A1,79,123,115
2023,EK202310174822,M,09,Estrato 3,No sabe,Primaria incompleta,NO,25,CUNDINAMARCA,25175,CHÍA,11004,INGENIERIA CIVIL,139,300,139,A2,144,154,175
2023,EK202310216471,M,08,Estrato 3,Secundaria (Bachillerato) incompleta,Secundaria (Bachillerato) incompleta,NO,25,CUNDINAMARCA,25290,FUSAGASUGÁ,108241,"ADMINISTRACION DE RIESGOS, SEGURIDAD Y SALUD EN EL TRABAJO",149,115,137,A2,133,105,128
2023,EK202310174008,M,10,Estrato 4,Secundaria (Bachillerato) completa,Secundaria (Bachillerato) completa,NO,15,BOYACÁ,15001,TUNJA,11004,INGENIERIA CIVIL,165,135,155,A2,181,162,160
2023,EK202310239221,M,09,Estrato 1,Postgrado,Educación profesional incompleta,NO,85,CASANARE,85001,YOPAL,11004,INGENIERIA CIVIL,164,151,181,B1,169,180,169
2023,EK202310173701,M,09,Estrato 3,Secundaria (Bachillerato) completa,Secundaria (Bachillerato) completa,NO,11,"BOGOTÁ, D.C.",11001,"BOGOTÁ, D.C.",11004,INGENIERIA CIVIL,120,113,115,A1,101,109,112
2023,EK202310173859,M,09,Estrato 6,Secundaria (Bachillerato) incompleta,Secundaria (Bachillerato) incompleta,NO,11,"BOGOTÁ, D.C.",11001,"BOGOTÁ, D.C.",11004,INGENIERIA CIVIL,115,121,109,A1,113,108,113
2023,EK202310174685,F,10,Estrato 2,Técnica o tecnológica completa,Secundaria (Bachillerato) incompleta,NO,11,"BOGOTÁ, D.C.",11001,"BOGOTÁ, D.C.",11004,INGENIERIA CIVIL,131,135,125,A2,144,131,133
2023,EK202310174024,M,10,Estrato 3,Secundaria (Bachillerato) completa,Secundaria (Bachillerato) completa,NO,11,"BOGOTÁ, D.C.",11001,"BOGOTÁ, D.C.",11004,INGENIERIA CIVIL,127,127,130,A2,107,183,135
2023,EK202310147268,F,09,Estrato 3,Primaria completa,Primaria completa,NO,11,"BOGOTÁ, D.C.",11001,"BOGOTÁ, D.C.",11428,CONTADURIA PUBLICA,104,103,114,A1,87,114,104
2023,EK202310173945,M,09,Estrato 5,Secundaria (Bachillerato) incompleta,Ninguno,NO,76,VALLE DEL CAUCA,76001,SANTIAGO DE CALI,11004,INGENIERIA CIVIL,170,119,171,B1,171,153,157
2023,EK202310174085,F,09,Estrato 2,Técnica o tecnológica completa,Secundaria (Bachillerato) incompleta,NO,11,"BOGOTÁ, D.C.",11001,"BOGOTÁ, D.C.",11004,INGENIERIA CIVIL,169,172,150,A2,160,152,161
2023,EK202310155169,F,08,Estrato 3,Educación profesional completa,Educación profesional completa,NO,25,CUNDINAMARCA,25899,ZIPAQUIRÁ,6527,ADMINISTRACION DE EMPRESAS,100,172,172,B1,128,102,135
2023,EK202310173772,M,09,Estrato 1,Primaria incompleta,Primaria incompleta,NO,41,HUILA,41298,GARZÓN,11004,INGENIERIA CIVIL,134,0,125,A2,113,117,98
2023,EK202310155145,M,09,Estrato 3,Postgrado,Postgrado,NO,25,CUNDINAMARCA,25175,CHÍA,6527,ADMINISTRACION DE EMPRESAS,159,167,204,B2,137,149,163
2023,EK202310173815,M,10,Estrato 3,Técnica o tecnológica completa,Educación profesional incompleta,NO,15,BOYACÁ,15238,DUITAMA,11004,INGENIERIA CIVIL,111,164,124,A2,114,136,130
2023,EK202310186722,F,09,Estrato 2,Técnica o tecnológica incompleta,Secundaria (Bachillerato) incompleta,NO,18,CAQUETÁ,18001,FLORENCIA,10963,RELACIONES INTERNACIONALES Y ESTUDIOS POLITICOS,120,116,116,A1,112,105,114
2023,EK202310173876,M,09,Estrato 2,Técnica o tecnológica completa,Educación profesional completa,NO,76,VALLE DEL CAUCA,76834,TULUÁ,11004,INGENIERIA CIVIL,166,110,136,A2,162,170,149
2023,EK202310173959,M,10,Estrato 3,Secundaria (Bachillerato) incompleta,Primaria completa,NO,15,BOYACÁ,15759,SOGAMOSO,11004,INGENIERIA CIVIL,148,119,152,A2,146,169,147
2023,EK202310174076,F,10,Estrato 3,Primaria completa,Primaria completa,NO,11,"BOGOTÁ, D.C.",11001,"BOGOTÁ, D.C.",11004,INGENIERIA CIVIL,152,178,144,A2,157,165,159
2023,EK202310155114,M,08,Estrato 5,Educación profesional completa,Postgrado,NO,11,"BOGOTÁ, D.C.",11001,"BOGOTÁ, D.C.",6527,ADMINISTRACION DE EMPRESAS,145,145,217,B2,135,142,157
2023,EK202310173902,M,09,Estrato 2,Secundaria (Bachillerato) incompleta,Secundaria (Bachillerato) incompleta,NO,15,BOYACÁ,15759,SOGAMOSO,11004,INGENIERIA CIVIL,135,174,162,A2,122,165,152
2023,EK202310155112,F,08,Estrato 2,Secundaria (Bachillerato) incompleta,Primaria completa,NO,25,CUNDINAMARCA,25175,CHÍA,6527,ADMINISTRACION DE EMPRESAS,113,135,122,A2,119,116,121
2023,EK202310227930,M,09,Estrato 6,Postgrado,Postgrado,NO,25,CUNDINAMARCA,25175,CHÍA,6527,ADMINISTRACION DE EMPRESAS,133,155,186,B1,136,146,151
2023,EK202310003891,F,09,Estrato 3,Secundaria (Bachillerato) completa,Educación profesional completa,NO,11,"BOGOTÁ, D.C.",11001,"BOGOTÁ, D.C.",53703,INGENIERIA INDUSTRIAL,147,178,204,B2,172,172,175
2023,EK202310143049,F,09,Estrato 1,Secundaria (Bachillerato) completa,Técnica o tecnológica incompleta,NO,17,CALDAS,17380,LA DORADA,53703,INGENIERIA INDUSTRIAL,140,153,104,A1,142,146,137
2023,EK202310174569,M,09,Estrato 3,Primaria completa,Educación profesional completa,NO,41,HUILA,41551,PITALITO,11004,INGENIERIA CIVIL,187,127,172,B1,168,205,172
2023,EK202310184578,M,10,Estrato 2,Técnica o tecnológica incompleta,Secundaria (Bachillerato) incompleta,NO,25,CUNDINAMARCA,25899,ZIPAQUIRÁ,11004,INGENIERIA CIVIL,206,194,203,B2,186,185,195
2023,EK202310174042,M,09,Estrato 2,Primaria completa,Primaria completa,NO,88,"ARCHIPIÉLAGO DE SAN ANDRÉS, PROVIDENCIA Y SANTA CATALINA",88001,SAN ANDRÉS,11004,INGENIERIA CIVIL,134,154,117,A1,155,171,146
2023,EK202310155235,F,08,Estrato 3,Técnica o tecnológica completa,Secundaria (Bachillerato) completa,NO,11,"BOGOTÁ, D.C.",11001,"BOGOTÁ, D.C.",6527,ADMINISTRACION DE EMPRESAS,132,0,142,A2,124,151,110
2023,EK202310217321,F,08,Estrato 3,Secundaria (Bachillerato) incompleta,Secundaria (Bachillerato) incompleta,NO,11,"BOGOTÁ, D.C.",11001,"BOGOTÁ, D.C.",6527,ADMINISTRACION DE EMPRESAS,96,137,149,A2,80,117,116
2023,EK202310155183,M,08,Estrato 5,Secundaria (Bachillerato) completa,Técnica o tecnológica completa,NO,05,ANTIOQUIA,05001,MEDELLÍN,6527,ADMINISTRACION DE EMPRESAS,167,133,190,B1,142,183,163
2023,EK202310155125,F,09,Estrato 3,Postgrado,Secundaria (Bachillerato) completa,NO,11,"BOGOTÁ, D.C.",11001,"BOGOTÁ, D.C.",6527,ADMINISTRACION DE EMPRESAS,121,178,149,A2,142,135,145
2023,EK202310185729,M,09,Estrato 5,Educación profesional incompleta,Educación profesional completa,NO,11,"BOGOTÁ, D.C.",11001,"BOGOTÁ, D.C.",10963,RELACIONES INTERNACIONALES Y ESTUDIOS POLITICOS,144,170,194,B1,160,159,165
2023,EK202310173800,M,10,Estrato 2,Secundaria (Bachillerato) incompleta,Primaria incompleta,NO,76,VALLE DEL CAUCA,76834,TULUÁ,11004,INGENIERIA CIVIL,121,133,134,A2,104,208,140
2023,EK202310204901,M,08,Estrato 2,Primaria incompleta,Primaria incompleta,NO,11,"BOGOTÁ, D.C.",11001,"BOGOTÁ, D.C.",105142,INGENIERIA INFORMÁTICA,184,144,187,B1,177,163,171
2023,EK202310155230,F,08,Estrato 1,Primaria incompleta,Primaria incompleta,NO,25,CUNDINAMARCA,25899,ZIPAQUIRÁ,6527,ADMINISTRACION DE EMPRESAS,152,128,166,B1,142,159,149
2023,EK202310155215,F,09,NA,NA,NA,NO,25,CUNDINAMARCA,25175,CHÍA,6527,ADMINISTRACION DE EMPRESAS,152,160,146,A2,170,181,162
2023,EK202310155014,M,08,Estrato 2,Primaria incompleta,Primaria incompleta,NO,11,"BOGOTÁ, D.C.",11001,"BOGOTÁ, D.C.",6527,ADMINISTRACION DE EMPRESAS,137,170,133,A2,139,141,144
2023,EK202310173831,M,10,Estrato 2,Secundaria (Bachillerato) completa,Primaria incompleta,NO,76,VALLE DEL CAUCA,76001,SANTIAGO DE CALI,11004,INGENIERIA CIVIL,132,132,144,A2,132,180,144
2023,EK202310173864,M,09,Estrato 2,Postgrado,Secundaria (Bachillerato) completa,NO,25,CUNDINAMARCA,25175,CHÍA,11004,INGENIERIA CIVIL,170,159,185,B1,200,300,203
2023,EK202310147309,M,09,Estrato 1,Secundaria (Bachillerato) incompleta,No Aplica,NO,11,"BOGOTÁ, D.C.",11001,"BOGOTÁ, D.C.",11428,CONTADURIA PUBLICA,182,156,122,A2,193,147,160
2023,EK202310244037,M,08,Estrato 4,Técnica o tecnológica completa,Educación profesional completa,NO,11,"BOGOTÁ, D.C.",11001,"BOGOTÁ, D.C.",6527,ADMINISTRACION DE EMPRESAS,162,167,142,A2,156,111,148
2023,EK202310155187,M,09,Estrato 3,Secundaria (Bachillerato) completa,Secundaria (Bachillerato) completa,NO,11,"BOGOTÁ, D.C.",11001,"BOGOTÁ, D.C.",6527,ADMINISTRACION DE EMPRESAS,176,151,154,A2,171,138,158
2023,EK202310248204,M,09,Estrato 2,Primaria completa,Secundaria (Bachillerato) completa,NO,85,CASANARE,85001,YOPAL,53703,INGENIERIA INDUSTRIAL,158,125,151,A2,128,160,144
2023,EK202310204926,M,08,Estrato 3,Educación profesional incompleta,NA,NO,11,"BOGOTÁ, D.C.",11001,"BOGOTÁ, D.C.",105142,INGENIERIA INFORMÁTICA,172,124,164,A2,174,160,159
2023,EK202310232844,M,09,Estrato 3,Educación profesional completa,Secundaria (Bachillerato) completa,NO,11,"BOGOTÁ, D.C.",11001,"BOGOTÁ, D.C.",10963,RELACIONES INTERNACIONALES Y ESTUDIOS POLITICOS,101,209,147,A2,149,136,148
2023,EK202310236070,M,12 o más,Estrato 2,Primaria incompleta,Primaria incompleta,NO,05,ANTIOQUIA,05088,BELLO,11004,INGENIERIA CIVIL,117,154,122,A2,121,135,130
2023,EK202310174057,M,10,Estrato 3,Primaria incompleta,Primaria completa,NO,52,NARIÑO,52001,PASTO,11004,INGENIERIA CIVIL,141,121,133,A2,104,131,126
2023,EK202310244674,M,09,Estrato 2,Primaria incompleta,Ninguno,NO,25,CUNDINAMARCA,25175,CHÍA,11004,INGENIERIA CIVIL,176,156,136,A2,180,180,166
2023,EK202320006905,F,NA,Estrato 1,Secundaria (Bachillerato) completa,Secundaria (Bachillerato) completa,SI,NA,NA,NA,NA,6527,ADMINISTRACION DE EMPRESAS,89,135,152,A2,116,136,126
2023,EK202320007400,M,NA,Estrato 3,Secundaria (Bachillerato) incompleta,Secundaria (Bachillerato) completa,SI,NA,NA,NA,NA,10963,RELACIONES INTERNACIONALES Y ESTUDIOS POLITICOS,165,145,190,B1,133,153,157
2023,EK202320007399,F,NA,Estrato 3,Educación profesional completa,Postgrado,SI,NA,NA,NA,NA,10963,RELACIONES INTERNACIONALES Y ESTUDIOS POLITICOS,193,175,197,B2,180,151,179
2023,EK202320007398,M,NA,Estrato 3,Técnica o tecnológica completa,Técnica o tecnológica completa,SI,NA,NA,NA,NA,10963,RELACIONES INTERNACIONALES Y ESTUDIOS POLITICOS,148,181,197,B2,169,165,172
2023,EK202320007422,M,NA,Estrato 3,Secundaria (Bachillerato) completa,Educación profesional completa,SI,NA,NA,NA,NA,105142,INGENIERIA INFORMÁTICA,146,178,175,B1,142,155,159
2023,EK202320007401,F,NA,Estrato 2,Secundaria (Bachillerato) incompleta,Secundaria (Bachillerato) incompleta,SI,NA,NA,NA,NA,10963,RELACIONES INTERNACIONALES Y ESTUDIOS POLITICOS,124,143,176,B1,121,135,140
2023,EK202320007033,M,NA,Estrato 3,Secundaria (Bachillerato) incompleta,Técnica o tecnológica completa,SI,NA,NA,NA,NA,53703,INGENIERIA INDUSTRIAL,163,125,197,B2,156,167,162
2023,EK202320007397,F,NA,Estrato 3,NA,Primaria completa,SI,NA,NA,NA,NA,10963,RELACIONES INTERNACIONALES Y ESTUDIOS POLITICOS,118,186,175,B1,145,161,157
2023,EK202320007032,F,NA,Sin Estrato,Educación profesional completa,Secundaria (Bachillerato) completa,SI,NA,NA,NA,NA,53703,INGENIERIA INDUSTRIAL,178,160,196,B2,164,173,174
2023,EK202320006646,F,NA,Estrato 3,Secundaria (Bachillerato) incompleta,Técnica o tecnológica incompleta,SI,NA,NA,NA,NA,11004,INGENIERIA CIVIL,148,155,184,B1,159,161,161
2023,EK202320006904,M,NA,Estrato 3,Educación profesional incompleta,Postgrado,SI,NA,NA,NA,NA,6527,ADMINISTRACION DE EMPRESAS,187,181,184,B1,219,193,193
2023,EK202320007402,M,NA,Estrato 5,Postgrado,Postgrado,SI,NA,NA,NA,NA,10963,RELACIONES INTERNACIONALES Y ESTUDIOS POLITICOS,170,300,196,B2,193,166,205
2023,EK202320007110,M,NA,Estrato 5,Secundaria (Bachillerato) incompleta,Primaria incompleta,SI,NA,NA,NA,NA,53703,INGENIERIA INDUSTRIAL,171,165,166,B1,173,102,155
2023,EK202320005935,M,NA,Estrato 2,Secundaria (Bachillerato) incompleta,Primaria completa,SI,NA,NA,NA,NA,6527,ADMINISTRACION DE EMPRESAS,65,134,159,A2,130,125,123
2023,EK202330119101,M,10,Estrato 2,Primaria completa,Primaria completa,NO,52,NARIÑO,52001,PASTO,11004,INGENIERIA CIVIL,125,114,128,A2,127,134,126
2023,EK202330123194,M,08,Estrato 2,Secundaria (Bachillerato) completa,Secundaria (Bachillerato) completa,NO,25,CUNDINAMARCA,25899,ZIPAQUIRÁ,53703,INGENIERIA INDUSTRIAL,135,128,181,B1,134,142,144
2023,EK202330111535,M,08,Estrato 3,Primaria completa,Primaria completa,NO,76,VALLE DEL CAUCA,76001,SANTIAGO DE CALI,10963,RELACIONES INTERNACIONALES Y ESTUDIOS POLITICOS,146,167,155,A2,134,143,149
2023,EK202330119688,M,08,Estrato 1,Secundaria (Bachillerato) completa,Primaria incompleta,NO,15,BOYACÁ,15238,DUITAMA,105142,INGENIERIA INFORMÁTICA,109,154,127,A2,116,151,131
2023,EK202330115310,M,09,NA,NA,NA,NO,76,VALLE DEL CAUCA,76001,SANTIAGO DE CALI,6527,ADMINISTRACION DE EMPRESAS,158,144,199,B2,153,120,155
2023,EK202330127270,F,07,Estrato 2,Técnica o tecnológica completa,Técnica o tecnológica completa,NO,50,META,50001,VILLAVICENCIO,108241,"ADMINISTRACION DE RIESGOS, SEGURIDAD Y SALUD EN EL TRABAJO",98,150,158,A2,120,121,129
2023,EK202330115351,M,07,Estrato 2,Secundaria (Bachillerato) incompleta,Secundaria (Bachillerato) completa,NO,11,"BOGOTÁ, D.C.",11001,"BOGOTÁ, D.C.",6527,ADMINISTRACION DE EMPRESAS,124,136,122,A2,114,98,119
2023,EK202330127267,M,07,Estrato 3,Secundaria (Bachillerato) completa,Secundaria (Bachillerato) incompleta,NO,13,BOLÍVAR,13001,CARTAGENA DE INDIAS,108241,"ADMINISTRACION DE RIESGOS, SEGURIDAD Y SALUD EN EL TRABAJO",126,165,162,A2,151,139,149
2023,EK202330133663,F,07,Estrato 3,Técnica o tecnológica completa,Secundaria (Bachillerato) completa,NO,11,"BOGOTÁ, D.C.",11001,"BOGOTÁ, D.C.",11428,CONTADURIA PUBLICA,167,174,184,B1,158,164,169
2023,EK202330120169,M,09,Estrato 3,Primaria incompleta,Primaria incompleta,NO,11,"BOGOTÁ, D.C.",11001,"BOGOTÁ, D.C.",11004,INGENIERIA CIVIL,121,180,181,B1,158,174,163
2023,EK202330119089,M,12 o más,Estrato 2,Secundaria (Bachillerato) completa,Secundaria (Bachillerato) completa,NO,11,"BOGOTÁ, D.C.",11001,"BOGOTÁ, D.C.",11004,INGENIERIA CIVIL,171,156,164,A2,183,180,171
2023,EK202330120631,M,09,Estrato 2,Primaria completa,Secundaria (Bachillerato) incompleta,NO,76,VALLE DEL CAUCA,76001,SANTIAGO DE CALI,11004,INGENIERIA CIVIL,172,130,139,A2,158,145,149
2023,EK202330120494,M,09,NA,Secundaria (Bachillerato) incompleta,Secundaria (Bachillerato) incompleta,NO,19,CAUCA,19001,POPAYÁN,11004,INGENIERIA CIVIL,172,135,126,A2,149,183,153
2023,EK202330120851,F,09,Estrato 5,Secundaria (Bachillerato) completa,Primaria completa,NO,05,ANTIOQUIA,05001,MEDELLÍN,11004,INGENIERIA CIVIL,132,127,154,A2,107,136,131
2023,EK202330120500,M,09,Estrato 2,Secundaria (Bachillerato) incompleta,Primaria incompleta,NO,50,META,50001,VILLAVICENCIO,11004,INGENIERIA CIVIL,139,152,163,A2,152,153,152
2023,EK202330127245,M,07,Estrato 3,Primaria incompleta,Primaria incompleta,NO,15,BOYACÁ,15759,SOGAMOSO,108241,"ADMINISTRACION DE RIESGOS, SEGURIDAD Y SALUD EN EL TRABAJO",132,0,155,A2,155,138,116
2023,EK202330115157,M,07,Estrato 2,Técnica o tecnológica incompleta,Técnica o tecnológica incompleta,NO,11,"BOGOTÁ, D.C.",11001,"BOGOTÁ, D.C.",6527,ADMINISTRACION DE EMPRESAS,105,148,115,A1,125,117,122
2023,EK202330119422,M,07,Estrato 3,Secundaria (Bachillerato) completa,Educación profesional completa,NO,11,"BOGOTÁ, D.C.",11001,"BOGOTÁ, D.C.",6527,ADMINISTRACION DE EMPRESAS,126,164,161,A2,132,171,151
2023,EK202330119917,M,09,Estrato 3,Secundaria (Bachillerato) completa,Técnica o tecnológica completa,NO,11,"BOGOTÁ, D.C.",11001,"BOGOTÁ, D.C.",11004,INGENIERIA CIVIL,158,0,160,A2,198,182,140
2023,EK202330127279,M,07,Estrato 4,Postgrado,Educación profesional completa,NO,25,CUNDINAMARCA,25899,ZIPAQUIRÁ,108241,"ADMINISTRACION DE RIESGOS, SEGURIDAD Y SALUD EN EL TRABAJO",119,148,148,A2,103,113,126
2023,EK202330127229,M,07,Estrato 3,Secundaria (Bachillerato) completa,Secundaria (Bachillerato) completa,NO,76,VALLE DEL CAUCA,76001,SANTIAGO DE CALI,108241,"ADMINISTRACION DE RIESGOS, SEGURIDAD Y SALUD EN EL TRABAJO",118,129,162,A2,103,107,124
2023,EK202330120336,F,08,Estrato 2,Secundaria (Bachillerato) completa,Secundaria (Bachillerato) completa,NO,76,VALLE DEL CAUCA,76001,SANTIAGO DE CALI,11004,INGENIERIA CIVIL,124,158,140,A2,157,191,154
2023,EK202330127297,M,08,Estrato 2,Secundaria (Bachillerato) completa,Secundaria (Bachillerato) completa,NO,11,"BOGOTÁ, D.C.",11001,"BOGOTÁ, D.C.",108241,"ADMINISTRACION DE RIESGOS, SEGURIDAD Y SALUD EN EL TRABAJO",149,169,119,A1,117,133,137
2023,EK202330127329,F,07,NA,Técnica o tecnológica incompleta,Técnica o tecnológica incompleta,NO,11,"BOGOTÁ, D.C.",11001,"BOGOTÁ, D.C.",108241,"ADMINISTRACION DE RIESGOS, SEGURIDAD Y SALUD EN EL TRABAJO",168,155,134,A2,163,137,151
2023,EK202330119937,M,08,Estrato 2,Primaria incompleta,Primaria incompleta,NO,25,CUNDINAMARCA,25269,FACATATIVÁ,11004,INGENIERIA CIVIL,117,135,138,A2,97,174,132
2023,EK202330139223,F,08,Estrato 2,Secundaria (Bachillerato) incompleta,Primaria incompleta,NO,25,CUNDINAMARCA,25899,ZIPAQUIRÁ,11428,CONTADURIA PUBLICA,177,154,124,A2,161,134,150
2023,EK202330115388,M,09,Estrato 4,Educación profesional completa,Educación profesional completa,NO,11,"BOGOTÁ, D.C.",11001,"BOGOTÁ, D.C.",6527,ADMINISTRACION DE EMPRESAS,122,125,168,B1,105,140,132
2023,EK202330135660,F,09,Estrato 2,Secundaria (Bachillerato) completa,Secundaria (Bachillerato) completa,NO,66,RISARALDA,66001,PEREIRA,11004,INGENIERIA CIVIL,142,129,112,A1,128,113,125
2023,EK202330141103,M,09,Estrato 5,Educación profesional completa,Educación profesional completa,NO,11,"BOGOTÁ, D.C.",11001,"BOGOTÁ, D.C.",53703,INGENIERIA INDUSTRIAL,154,152,163,A2,148,148,153
2023,EK202330120107,M,08,Estrato 3,Primaria completa,Primaria completa,NO,11,"BOGOTÁ, D.C.",11001,"BOGOTÁ, D.C.",11004,INGENIERIA CIVIL,137,190,143,A2,140,155,153
2023,EK202330115172,M,08,Estrato 4,Postgrado,Postgrado,NO,05,ANTIOQUIA,05001,MEDELLÍN,6527,ADMINISTRACION DE EMPRESAS,152,169,214,B2,145,164,169
2023,EK202330156543,M,09,Estrato 2,Técnica o tecnológica completa,Técnica o tecnológica completa,NO,15,BOYACÁ,15001,TUNJA,11004,INGENIERIA CIVIL,166,88,151,A2,157,197,152
2023,EK202330120873,F,08,Estrato 2,Secundaria (Bachillerato) completa,Secundaria (Bachillerato) completa,NO,19,CAUCA,19001,POPAYÁN,11004,INGENIERIA CIVIL,128,130,191,B1,166,130,149
2023,EK202330120857,M,10,Estrato 3,Secundaria (Bachillerato) incompleta,Educación profesional completa,NO,05,ANTIOQUIA,05088,BELLO,11004,INGENIERIA CIVIL,136,126,147,A2,132,161,140
2023,EK202330120681,F,10,Estrato 2,Primaria incompleta,Primaria completa,NO,25,CUNDINAMARCA,25899,ZIPAQUIRÁ,11004,INGENIERIA CIVIL,101,0,146,A2,133,126,101
2023,EK202330111539,M,09,Estrato 3,Educación profesional completa,Secundaria (Bachillerato) completa,NO,11,"BOGOTÁ, D.C.",11001,"BOGOTÁ, D.C.",10963,RELACIONES INTERNACIONALES Y ESTUDIOS POLITICOS,118,0,188,B1,115,142,113
2023,EK202330115342,M,09,Estrato 4,Postgrado,Postgrado,NO,11,"BOGOTÁ, D.C.",11001,"BOGOTÁ, D.C.",6527,ADMINISTRACION DE EMPRESAS,179,158,179,B1,185,127,166
2023,EK202330119091,M,10,Estrato 2,Primaria incompleta,Ninguno,NO,11,"BOGOTÁ, D.C.",11001,"BOGOTÁ, D.C.",11004,INGENIERIA CIVIL,121,0,129,A2,133,119,100
2023,EK202330120248,M,10,Estrato 3,Secundaria (Bachillerato) completa,Secundaria (Bachillerato) completa,NO,18,CAQUETÁ,18001,FLORENCIA,11004,INGENIERIA CIVIL,145,160,149,A2,128,134,143
2023,EK202330115402,F,08,Estrato 3,Secundaria (Bachillerato) incompleta,Técnica o tecnológica completa,NO,11,"BOGOTÁ, D.C.",11001,"BOGOTÁ, D.C.",6527,ADMINISTRACION DE EMPRESAS,187,140,185,B1,174,130,163
2023,EK202330133651,F,08,Estrato 3,Secundaria (Bachillerato) incompleta,Técnica o tecnológica completa,NO,25,CUNDINAMARCA,25899,ZIPAQUIRÁ,11428,CONTADURIA PUBLICA,131,146,109,A1,158,134,136
2023,EK202330114205,F,08,Estrato 3,Primaria incompleta,Secundaria (Bachillerato) incompleta,NO,25,CUNDINAMARCA,25269,FACATATIVÁ,6527,ADMINISTRACION DE EMPRESAS,103,144,134,A2,99,100,116
2023,EK202330116273,M,07,Estrato 2,Secundaria (Bachillerato) completa,Secundaria (Bachillerato) incompleta,NO,11,"BOGOTÁ, D.C.",11001,"BOGOTÁ, D.C.",6527,ADMINISTRACION DE EMPRESAS,220,155,220,B2,227,209,206
2023,EK202330119096,M,09,Estrato 2,Primaria completa,Primaria completa,NO,15,BOYACÁ,15759,SOGAMOSO,11004,INGENIERIA CIVIL,160,157,199,B2,158,187,172
2023,EK202330120865,M,10,Estrato 1,Secundaria (Bachillerato) completa,Primaria completa,NO,25,CUNDINAMARCA,25307,GIRARDOT,11004,INGENIERIA CIVIL,166,121,178,B1,144,168,155
2023,EK202330119174,F,09,Estrato 2,Técnica o tecnológica completa,Primaria incompleta,NO,11,"BOGOTÁ, D.C.",11001,"BOGOTÁ, D.C.",11004,INGENIERIA CIVIL,153,145,116,A1,148,192,151
2023,EK202330116185,F,08,Estrato 3,Secundaria (Bachillerato) completa,Técnica o tecnológica incompleta,NO,11,"BOGOTÁ, D.C.",11001,"BOGOTÁ, D.C.",6527,ADMINISTRACION DE EMPRESAS,170,124,119,A1,143,127,137
2023,EK202330119140,F,10,Estrato 3,Educación profesional incompleta,Técnica o tecnológica completa,NO,11,"BOGOTÁ, D.C.",11001,"BOGOTÁ, D.C.",11004,INGENIERIA CIVIL,123,169,139,A2,167,169,153
2023,EK202330120520,F,09,Estrato 1,Secundaria (Bachillerato) completa,Primaria completa,NO,68,SANTANDER,68001,BUCARAMANGA,11004,INGENIERIA CIVIL,135,180,147,A2,131,146,148
2023,EK202330115350,F,09,Estrato 3,Técnica o tecnológica completa,Secundaria (Bachillerato) incompleta,NO,11,"BOGOTÁ, D.C.",11001,"BOGOTÁ, D.C.",10963,RELACIONES INTERNACIONALES Y ESTUDIOS POLITICOS,113,167,151,A2,118,132,136
2023,EK202330119189,F,10,Estrato 2,Técnica o tecnológica completa,Técnica o tecnológica completa,NO,73,TOLIMA,73001,IBAGUÉ,11004,INGENIERIA CIVIL,180,157,165,B1,185,149,167
2023,EK202330120531,M,10,Estrato 3,Técnica o tecnológica completa,Secundaria (Bachillerato) incompleta,NO,11,"BOGOTÁ, D.C.",11001,"BOGOTÁ, D.C.",11004,INGENIERIA CIVIL,96,124,166,B1,139,139,133
2023,EK202330119172,M,09,Estrato 2,Primaria incompleta,Primaria incompleta,NO,76,VALLE DEL CAUCA,76001,SANTIAGO DE CALI,11004,INGENIERIA CIVIL,126,170,151,A2,141,162,150
2023,EK202330115330,F,08,Estrato 3,Secundaria (Bachillerato) completa,Ninguno,NO,11,"BOGOTÁ, D.C.",11001,"BOGOTÁ, D.C.",6527,ADMINISTRACION DE EMPRESAS,108,156,161,A2,143,157,145
2023,EK202330137838,M,08,Estrato 4,Técnica o tecnológica completa,Primaria incompleta,NO,11,"BOGOTÁ, D.C.",11001,"BOGOTÁ, D.C.",6527,ADMINISTRACION DE EMPRESAS,157,148,155,A2,156,125,148
2023,EK202330111544,M,08,Estrato 2,No sabe,No sabe,NO,13,BOLÍVAR,13001,CARTAGENA DE INDIAS,10963,RELACIONES INTERNACIONALES Y ESTUDIOS POLITICOS,84,124,145,A2,126,115,119
2023,EK202330120837,M,09,Estrato 4,Secundaria (Bachillerato) completa,Secundaria (Bachillerato) completa,NO,76,VALLE DEL CAUCA,76001,SANTIAGO DE CALI,11004,INGENIERIA CIVIL,62,124,133,A2,151,166,127
2023,EK202330162304,M,10,Estrato 3,Primaria completa,Técnica o tecnológica completa,NO,11,"BOGOTÁ, D.C.",11001,"BOGOTÁ, D.C.",11004,INGENIERIA CIVIL,145,142,158,A2,171,193,162
2023,EK202330115321,M,08,Estrato 3,Secundaria (Bachillerato) incompleta,Secundaria (Bachillerato) completa,NO,25,CUNDINAMARCA,25899,ZIPAQUIRÁ,6527,ADMINISTRACION DE EMPRESAS,130,138,121,A2,131,126,129
2023,EK202330159419,M,08,Estrato 1,Secundaria (Bachillerato) completa,Postgrado,NO,86,PUTUMAYO,86001,MOCOA,11004,INGENIERIA CIVIL,136,132,125,A2,139,124,131
2023,EK202330120332,M,10,Estrato 3,Secundaria (Bachillerato) incompleta,Técnica o tecnológica completa,NO,11,"BOGOTÁ, D.C.",11001,"BOGOTÁ, D.C.",11004,INGENIERIA CIVIL,142,133,146,A2,125,164,142
2023,EK202330120545,M,09,Estrato 3,Educación profesional completa,Técnica o tecnológica completa,NO,17,CALDAS,17001,MANIZALES,11004,INGENIERIA CIVIL,167,122,166,B1,175,191,164
2023,EK202330115167,F,08,Estrato 3,Secundaria (Bachillerato) completa,Secundaria (Bachillerato) incompleta,NO,11,"BOGOTÁ, D.C.",11001,"BOGOTÁ, D.C.",6527,ADMINISTRACION DE EMPRESAS,183,186,134,A2,140,130,155
2023,EK202330111523,M,08,Estrato 3,Primaria completa,Secundaria (Bachillerato) completa,NO,73,TOLIMA,73001,IBAGUÉ,10963,RELACIONES INTERNACIONALES Y ESTUDIOS POLITICOS,92,189,213,B2,171,106,154
2023,EK202330120438,M,10,Estrato 2,Educación profesional completa,Educación profesional completa,NO,76,VALLE DEL CAUCA,76001,SANTIAGO DE CALI,11004,INGENIERIA CIVIL,129,173,165,B1,150,170,157
2023,EK202330163830,F,09,Estrato 3,Técnica o tecnológica completa,Primaria incompleta,NO,11,"BOGOTÁ, D.C.",11001,"BOGOTÁ, D.C.",11004,INGENIERIA CIVIL,157,123,155,A2,180,173,158
2023,EK202330147774,F,09,Estrato 2,Secundaria (Bachillerato) incompleta,Primaria incompleta,NO,25,CUNDINAMARCA,25286,FUNZA,53703,INGENIERIA INDUSTRIAL,141,171,151,A2,125,128,143
2023,EK202330119901,M,09,Estrato 2,Secundaria (Bachillerato) incompleta,Secundaria (Bachillerato) incompleta,NO,41,HUILA,41001,NEIVA,11004,INGENIERIA CIVIL,123,123,101,A1,131,151,126
2023,EK202330098628,F,09,Estrato 4,Secundaria (Bachillerato) completa,Primaria completa,NO,25,CUNDINAMARCA,25899,ZIPAQUIRÁ,53703,INGENIERIA INDUSTRIAL,168,119,145,A2,163,165,152
2023,EK202330165492,M,09,Estrato 3,Secundaria (Bachillerato) completa,Secundaria (Bachillerato) completa,NO,76,VALLE DEL CAUCA,76834,TULUÁ,11004,INGENIERIA CIVIL,131,121,137,A2,157,141,137
2023,EK202330120513,M,10,Estrato 2,Primaria incompleta,Primaria incompleta,NO,15,BOYACÁ,15469,MONIQUIRÁ,11004,INGENIERIA CIVIL,158,0,136,A2,134,198,125
2023,EK202330120275,M,09,Estrato 3,Técnica o tecnológica incompleta,Secundaria (Bachillerato) incompleta,NO,50,META,50001,VILLAVICENCIO,11004,INGENIERIA CIVIL,131,154,148,A2,140,159,146
2023,EK202330168098,F,08,Estrato 3,Secundaria (Bachillerato) completa,No sabe,NO,11,"BOGOTÁ, D.C.",11001,"BOGOTÁ, D.C.",11004,INGENIERIA CIVIL,171,164,172,B1,169,162,168
2023,EK202330168600,M,08,Estrato 1,Secundaria (Bachillerato) incompleta,Primaria incompleta,NO,20,CESAR,20001,VALLEDUPAR,11004,INGENIERIA CIVIL,150,0,147,A2,159,195,130
2023,EK202330167873,M,NA,Estrato 3,Educación profesional completa,Educación profesional completa,NO,11,"BOGOTÁ, D.C.",11001,"BOGOTÁ, D.C.",105142,INGENIERIA INFORMÁTICA,115,169,177,B1,152,150,153
2023,EK202330168604,F,08,Estrato 3,Secundaria (Bachillerato) completa,Secundaria (Bachillerato) completa,NO,11,"BOGOTÁ, D.C.",11001,"BOGOTÁ, D.C.",11004,INGENIERIA CIVIL,134,158,165,B1,142,105,141
2023,EK202330168603,M,08,Estrato 3,Primaria completa,Secundaria (Bachillerato) completa,NO,76,VALLE DEL CAUCA,76001,SANTIAGO DE CALI,11004,INGENIERIA CIVIL,190,122,150,A2,161,207,166
2023,EK202330169039,M,08,Estrato 1,Secundaria (Bachillerato) completa,Técnica o tecnológica completa,NO,15,BOYACÁ,15001,TUNJA,11004,INGENIERIA CIVIL,120,124,122,A2,135,162,133
2023,EK202330169036,F,09,Estrato 3,Secundaria (Bachillerato) completa,Secundaria (Bachillerato) completa,NO,11,"BOGOTÁ, D.C.",11001,"BOGOTÁ, D.C.",11004,INGENIERIA CIVIL,118,132,174,B1,159,150,147
2023,EK202330168608,M,09,NA,NA,NA,NO,52,NARIÑO,52001,PASTO,11004,INGENIERIA CIVIL,169,130,152,A2,142,172,153
2023,EK202330128469,M,NA,Estrato 3,Educación profesional completa,Secundaria (Bachillerato) completa,NO,11,"BOGOTÁ, D.C.",11001,"BOGOTÁ, D.C.",10963,RELACIONES INTERNACIONALES Y ESTUDIOS POLITICOS,192,148,172,B1,139,111,152
2023,EK202330161478,F,09,Estrato 5,Educación profesional completa,Secundaria (Bachillerato) completa,NO,25,CUNDINAMARCA,25899,ZIPAQUIRÁ,53703,INGENIERIA INDUSTRIAL,195,164,208,B2,207,173,189
2023,EK202330165223,F,08,NA,NA,NA,NO,11,"BOGOTÁ, D.C.",11001,"BOGOTÁ, D.C.",53703,INGENIERIA INDUSTRIAL,161,158,141,A2,172,171,161
2023,EK202330168601,M,09,Estrato 3,Secundaria (Bachillerato) completa,Primaria incompleta,NO,05,ANTIOQUIA,05001,MEDELLÍN,11004,INGENIERIA CIVIL,130,101,146,A2,147,149,135
2023,EK202330107175,F,09,Estrato 4,Postgrado,Postgrado,NO,11,"BOGOTÁ, D.C.",11001,"BOGOTÁ, D.C.",11428,CONTADURIA PUBLICA,197,167,206,B2,201,197,194
2023,EK202330111551,M,09,Estrato 3,Secundaria (Bachillerato) completa,Primaria completa,NO,11,"BOGOTÁ, D.C.",11001,"BOGOTÁ, D.C.",10963,RELACIONES INTERNACIONALES Y ESTUDIOS POLITICOS,175,166,180,B1,133,181,167
2023,EK202330132587,F,09,Estrato 1,Secundaria (Bachillerato) completa,Primaria completa,NO,85,CASANARE,85001,YOPAL,11428,CONTADURIA PUBLICA,140,173,136,A2,135,127,142
2023,EK202340173648,M,NA,Estrato 2,Secundaria (Bachillerato) incompleta,Secundaria (Bachillerato) incompleta,SI,NA,NA,NA,NA,6527,ADMINISTRACION DE EMPRESAS,118,152,118,A1,113,117,124
2023,EK202340173642,M,NA,Estrato 3,Secundaria (Bachillerato) completa,Educación profesional completa,SI,NA,NA,NA,NA,53703,INGENIERIA INDUSTRIAL,129,130,185,B1,161,178,157
2023,EK202340174085,M,NA,Estrato 3,Técnica o tecnológica incompleta,Técnica o tecnológica completa,SI,NA,NA,NA,NA,6527,ADMINISTRACION DE EMPRESAS,167,150,195,B1,155,146,163
2023,EK202340173777,F,NA,Estrato 3,Técnica o tecnológica completa,Secundaria (Bachillerato) completa,SI,NA,NA,NA,NA,6527,ADMINISTRACION DE EMPRESAS,154,164,184,B1,158,184,169
2024,EK202410048602,M,10,Estrato 3,Técnica o tecnológica completa,Técnica o tecnológica completa,NO,41,HUILA,41001,NEIVA,11004,INGENIERIA CIVIL,125,122,117,A1,114,137,123
2024,EK202410011520,F,09,Estrato 2,Secundaria (Bachillerato) incompleta,Secundaria (Bachillerato) completa,NO,11,"BOGOTÁ, D.C.",11001,"BOGOTÁ, D.C.",6527,ADMINISTRACION DE EMPRESAS,160,179,161,A2,150,135,157
2024,EK202410047154,M,09,Estrato 2,Secundaria (Bachillerato) completa,Secundaria (Bachillerato) completa,NO,11,"BOGOTÁ, D.C.",11001,"BOGOTÁ, D.C.",53703,INGENIERIA INDUSTRIAL,149,120,118,A1,139,125,130
2024,EK202410047143,F,09,Estrato 2,Secundaria (Bachillerato) incompleta,Primaria incompleta,NO,25,CUNDINAMARCA,25175,CHÍA,53703,INGENIERIA INDUSTRIAL,192,176,171,B1,163,138,168
2024,EK202410011446,F,09,Estrato 3,Secundaria (Bachillerato) incompleta,Secundaria (Bachillerato) incompleta,NO,11,"BOGOTÁ, D.C.",11001,"BOGOTÁ, D.C.",6527,ADMINISTRACION DE EMPRESAS,128,163,123,A2,150,142,141
2024,EK202410012597,F,09,Estrato 2,Técnica o tecnológica completa,Educación profesional incompleta,NO,11,"BOGOTÁ, D.C.",11001,"BOGOTÁ, D.C.",6527,ADMINISTRACION DE EMPRESAS,164,111,149,A2,148,155,145
2024,EK202410079884,M,09,Estrato 3,Técnica o tecnológica completa,Secundaria (Bachillerato) completa,NO,25,CUNDINAMARCA,25175,CHÍA,10963,RELACIONES INTERNACIONALES Y ESTUDIOS POLITICOS,190,171,203,B2,180,130,175
2024,EK202410048651,F,09,Estrato 1,Secundaria (Bachillerato) completa,Ninguno,NO,68,SANTANDER,68077,BARBOSA,11004,INGENIERIA CIVIL,160,185,132,A2,151,196,165
2024,EK202410049300,M,09,Estrato 3,Primaria incompleta,Primaria incompleta,NO,85,CASANARE,85001,YOPAL,11004,INGENIERIA CIVIL,127,0,125,A2,142,134,106
2024,EK202410048595,M,10,Estrato 4,Postgrado,Postgrado,NO,11,"BOGOTÁ, D.C.",11001,"BOGOTÁ, D.C.",11004,INGENIERIA CIVIL,206,169,178,B1,220,228,200
2024,EK202410079365,F,09,Estrato 4,Técnica o tecnológica completa,Técnica o tecnológica completa,NO,11,"BOGOTÁ, D.C.",11001,"BOGOTÁ, D.C.",10963,RELACIONES INTERNACIONALES Y ESTUDIOS POLITICOS,158,177,142,A2,169,136,156
2024,EK202410048490,F,09,Estrato 1,Ninguno,Ninguno,NO,20,CESAR,20001,VALLEDUPAR,11004,INGENIERIA CIVIL,76,178,129,A2,92,138,123
2024,EK202410011536,F,09,Estrato 3,Primaria incompleta,Primaria incompleta,NO,11,"BOGOTÁ, D.C.",11001,"BOGOTÁ, D.C.",6527,ADMINISTRACION DE EMPRESAS,189,188,164,A2,165,142,170
2024,EK202410048697,M,10,Estrato 2,Primaria incompleta,Primaria incompleta,NO,11,"BOGOTÁ, D.C.",11001,"BOGOTÁ, D.C.",11004,INGENIERIA CIVIL,101,125,137,A2,114,134,122
2024,EK202410048809,M,10,Estrato 2,Secundaria (Bachillerato) incompleta,Primaria completa,NO,25,CUNDINAMARCA,25754,SOACHA,11004,INGENIERIA CIVIL,116,123,135,A2,90,154,124
2024,EK202410079286,M,09,Estrato 2,Postgrado,Postgrado,NO,52,NARIÑO,52001,PASTO,10963,RELACIONES INTERNACIONALES Y ESTUDIOS POLITICOS,164,0,202,B2,182,123,134
2024,EK202410000106,F,09,Estrato 3,Postgrado,Postgrado,NO,73,TOLIMA,73001,IBAGUÉ,11428,CONTADURIA PUBLICA,129,120,173,B1,126,115,133
2024,EK202410048902,M,09,Estrato 4,Educación profesional completa,Educación profesional completa,NO,50,META,50001,VILLAVICENCIO,11004,INGENIERIA CIVIL,146,112,152,A2,131,142,137
2024,EK202410049177,M,09,Estrato 2,Secundaria (Bachillerato) completa,Secundaria (Bachillerato) completa,NO,15,BOYACÁ,15001,TUNJA,11004,INGENIERIA CIVIL,128,177,165,B1,137,188,159
2024,EK202410012426,M,08,Estrato 3,Secundaria (Bachillerato) completa,Secundaria (Bachillerato) completa,NO,11,"BOGOTÁ, D.C.",11001,"BOGOTÁ, D.C.",6527,ADMINISTRACION DE EMPRESAS,145,181,147,A2,133,138,149
2024,EK202410079896,F,09,Estrato 1,Técnica o tecnológica completa,Técnica o tecnológica incompleta,NO,11,"BOGOTÁ, D.C.",11001,"BOGOTÁ, D.C.",10963,RELACIONES INTERNACIONALES Y ESTUDIOS POLITICOS,146,118,150,A2,142,134,138
2024,EK202410079970,F,08,Estrato 3,Primaria incompleta,Ninguno,NO,76,VALLE DEL CAUCA,76147,CARTAGO,10963,RELACIONES INTERNACIONALES Y ESTUDIOS POLITICOS,160,181,151,A2,193,152,167
2024,EK202410000066,M,09,Estrato 2,Primaria completa,Primaria incompleta,NO,11,"BOGOTÁ, D.C.",11001,"BOGOTÁ, D.C.",11428,CONTADURIA PUBLICA,157,0,140,A2,148,173,124
2024,EK202410048731,F,10,Estrato 3,Ninguno,Ninguno,NO,11,"BOGOTÁ, D.C.",11001,"BOGOTÁ, D.C.",11004,INGENIERIA CIVIL,168,129,147,A2,156,187,157
2024,EK202410048822,F,09,Estrato 2,Primaria incompleta,Ninguno,NO,76,VALLE DEL CAUCA,76001,SANTIAGO DE CALI,11004,INGENIERIA CIVIL,172,178,113,A1,173,137,155
2024,EK202410086302,F,07,Estrato 4,Primaria incompleta,Primaria incompleta,NO,11,"BOGOTÁ, D.C.",11001,"BOGOTÁ, D.C.",11428,CONTADURIA PUBLICA,159,107,150,A2,154,172,148
2024,EK202410049197,M,09,Estrato 2,Secundaria (Bachillerato) incompleta,Secundaria (Bachillerato) completa,NO,25,CUNDINAMARCA,25290,FUSAGASUGÁ,11004,INGENIERIA CIVIL,146,187,169,B1,141,176,164
2024,EK202410049168,F,09,Estrato 1,Secundaria (Bachillerato) incompleta,Técnica o tecnológica completa,NO,50,META,50001,VILLAVICENCIO,11004,INGENIERIA CIVIL,178,128,152,A2,158,156,154
2024,EK202410023960,M,09,Estrato 2,Secundaria (Bachillerato) completa,Secundaria (Bachillerato) completa,NO,11,"BOGOTÁ, D.C.",11001,"BOGOTÁ, D.C.",6527,ADMINISTRACION DE EMPRESAS,159,169,155,A2,178,151,162
2024,EK202410012990,M,09,Estrato 5,Secundaria (Bachillerato) completa,Secundaria (Bachillerato) completa,NO,11,"BOGOTÁ, D.C.",11001,"BOGOTÁ, D.C.",6527,ADMINISTRACION DE EMPRESAS,192,154,163,A2,153,171,167
2024,EK202410012241,F,09,Estrato 2,Secundaria (Bachillerato) completa,Primaria incompleta,NO,11,"BOGOTÁ, D.C.",11001,"BOGOTÁ, D.C.",6527,ADMINISTRACION DE EMPRESAS,177,168,196,B2,197,173,182
2024,EK202410049321,M,09,Estrato 3,Secundaria (Bachillerato) incompleta,Secundaria (Bachillerato) incompleta,NO,11,"BOGOTÁ, D.C.",11001,"BOGOTÁ, D.C.",11004,INGENIERIA CIVIL,186,125,174,B1,138,154,155
2024,EK202410000136,F,07,Estrato 3,Educación profesional completa,Educación profesional completa,NO,11,"BOGOTÁ, D.C.",11001,"BOGOTÁ, D.C.",11428,CONTADURIA PUBLICA,127,155,135,A2,137,148,140
2024,EK202410000121,F,09,Estrato 1,Secundaria (Bachillerato) completa,Secundaria (Bachillerato) incompleta,NO,11,"BOGOTÁ, D.C.",11001,"BOGOTÁ, D.C.",11428,CONTADURIA PUBLICA,135,120,126,A2,144,172,139
2024,EK202410059582,M,10,Estrato 3,Secundaria (Bachillerato) incompleta,Secundaria (Bachillerato) incompleta,NO,68,SANTANDER,68001,BUCARAMANGA,11004,INGENIERIA CIVIL,186,119,173,B1,161,172,162
2024,EK202410140629,F,09,Estrato 3,Técnica o tecnológica completa,Técnica o tecnológica completa,NO,11,"BOGOTÁ, D.C.",11001,"BOGOTÁ, D.C.",11004,INGENIERIA CIVIL,158,131,140,A2,151,201,156
2024,EK202410042898,F,08,Estrato 3,Técnica o tecnológica completa,Secundaria (Bachillerato) incompleta,NO,11,"BOGOTÁ, D.C.",11001,"BOGOTÁ, D.C.",6527,ADMINISTRACION DE EMPRESAS,140,149,121,A2,149,121,136
2024,EK202410049278,F,09,Estrato 1,Primaria completa,Primaria incompleta,NO,18,CAQUETÁ,18001,FLORENCIA,11004,INGENIERIA CIVIL,162,175,132,A2,169,139,155
2024,EK202410079123,M,09,Estrato 4,Educación profesional completa,Educación profesional completa,NO,11,"BOGOTÁ, D.C.",11001,"BOGOTÁ, D.C.",6527,ADMINISTRACION DE EMPRESAS,201,174,300,B2,175,193,209
2024,EK202410000055,F,09,Estrato 3,Ninguno,Primaria completa,NO,25,CUNDINAMARCA,25175,CHÍA,11428,CONTADURIA PUBLICA,122,91,167,B1,168,192,148
2024,EK202410080019,M,08,Estrato 3,Secundaria (Bachillerato) completa,Secundaria (Bachillerato) completa,NO,13,BOLÍVAR,13001,CARTAGENA DE INDIAS,10963,RELACIONES INTERNACIONALES Y ESTUDIOS POLITICOS,166,300,143,A2,158,154,184
2024,EK202410012472,F,09,Estrato 3,Secundaria (Bachillerato) completa,Secundaria (Bachillerato) completa,NO,25,CUNDINAMARCA,25175,CHÍA,6527,ADMINISTRACION DE EMPRESAS,130,156,169,B1,96,109,132
2024,EK202410000145,M,07,Estrato 3,Educación profesional completa,Educación profesional incompleta,NO,11,"BOGOTÁ, D.C.",11001,"BOGOTÁ, D.C.",11428,CONTADURIA PUBLICA,122,116,118,A1,106,108,114
2024,EK202410048765,F,09,Estrato 1,Técnica o tecnológica completa,Postgrado,NO,15,BOYACÁ,15001,TUNJA,11004,INGENIERIA CIVIL,128,125,167,B1,153,185,152
2024,EK202410048520,F,10,Estrato 2,Primaria incompleta,Secundaria (Bachillerato) completa,NO,18,CAQUETÁ,18001,FLORENCIA,11004,INGENIERIA CIVIL,164,122,113,A1,142,160,140
2024,EK202410129804,F,07,Estrato 2,Primaria completa,Secundaria (Bachillerato) incompleta,NO,11,"BOGOTÁ, D.C.",11001,"BOGOTÁ, D.C.",108241,"ADMINISTRACION DE RIESGOS, SEGURIDAD Y SALUD EN EL TRABAJO",189,165,182,B1,182,168,177
2024,EK202410060326,F,08,Estrato 4,Técnica o tecnológica completa,Secundaria (Bachillerato) completa,NO,20,CESAR,20001,VALLEDUPAR,11428,CONTADURIA PUBLICA,166,153,124,A2,176,150,154
2024,EK202410067059,M,08,Estrato 3,Primaria completa,Secundaria (Bachillerato) completa,NO,11,"BOGOTÁ, D.C.",11001,"BOGOTÁ, D.C.",108241,"ADMINISTRACION DE RIESGOS, SEGURIDAD Y SALUD EN EL TRABAJO",119,158,155,A2,121,103,131
2024,EK202410046490,M,09,Estrato 4,Educación profesional completa,Educación profesional completa,NO,11,"BOGOTÁ, D.C.",11001,"BOGOTÁ, D.C.",6527,ADMINISTRACION DE EMPRESAS,177,131,154,A2,135,123,144
2024,EK202410049454,M,09,Estrato 3,Técnica o tecnológica completa,Educación profesional completa,NO,11,"BOGOTÁ, D.C.",11001,"BOGOTÁ, D.C.",11004,INGENIERIA CIVIL,131,122,128,A2,116,139,127
2024,EK202410047111,F,09,Estrato 5,Técnica o tecnológica completa,Técnica o tecnológica completa,NO,11,"BOGOTÁ, D.C.",11001,"BOGOTÁ, D.C.",53703,INGENIERIA INDUSTRIAL,199,184,191,B1,163,183,184
2024,EK202410079628,F,08,Estrato 3,Educación profesional completa,No sabe,NO,11,"BOGOTÁ, D.C.",11001,"BOGOTÁ, D.C.",10963,RELACIONES INTERNACIONALES Y ESTUDIOS POLITICOS,177,124,196,B2,143,145,157
2024,EK202410011403,F,08,Estrato 2,Primaria incompleta,Primaria incompleta,NO,25,CUNDINAMARCA,25269,FACATATIVÁ,6527,ADMINISTRACION DE EMPRESAS,168,122,145,A2,167,119,144
2024,EK202410048674,M,10,Estrato 3,Técnica o tecnológica completa,Técnica o tecnológica completa,NO,11,"BOGOTÁ, D.C.",11001,"BOGOTÁ, D.C.",11004,INGENIERIA CIVIL,198,173,219,B2,210,211,202
2024,EK202410000082,M,09,Estrato 3,Primaria incompleta,No Aplica,NO,11,"BOGOTÁ, D.C.",11001,"BOGOTÁ, D.C.",11428,CONTADURIA PUBLICA,147,165,134,A2,127,115,138
2024,EK202410087878,M,08,Estrato 4,Educación profesional completa,Educación profesional completa,NO,11,"BOGOTÁ, D.C.",11001,"BOGOTÁ, D.C.",11428,CONTADURIA PUBLICA,148,120,182,B1,143,133,145
2024,EK202410079480,M,09,Estrato 3,Técnica o tecnológica completa,Técnica o tecnológica completa,NO,11,"BOGOTÁ, D.C.",11001,"BOGOTÁ, D.C.",10963,RELACIONES INTERNACIONALES Y ESTUDIOS POLITICOS,195,156,170,B1,191,171,177
2024,EK202410000114,F,08,Estrato 2,Primaria incompleta,Primaria incompleta,NO,11,"BOGOTÁ, D.C.",11001,"BOGOTÁ, D.C.",11428,CONTADURIA PUBLICA,179,176,156,A2,153,162,165
2024,EK202410079269,F,09,Estrato 5,Postgrado,Educación profesional completa,NO,11,"BOGOTÁ, D.C.",11001,"BOGOTÁ, D.C.",10963,RELACIONES INTERNACIONALES Y ESTUDIOS POLITICOS,162,143,216,B2,182,127,166
2024,EK202410040218,M,09,Estrato 4,Secundaria (Bachillerato) incompleta,Primaria completa,NO,11,"BOGOTÁ, D.C.",11001,"BOGOTÁ, D.C.",11428,CONTADURIA PUBLICA,175,124,144,A2,177,152,154
2024,EK202410049138,M,09,Estrato 4,Educación profesional completa,Educación profesional completa,NO,68,SANTANDER,68081,BARRANCABERMEJA,11004,INGENIERIA CIVIL,171,173,178,B1,193,218,187
2024,EK202410042957,F,08,Estrato 2,Secundaria (Bachillerato) completa,Primaria incompleta,NO,76,VALLE DEL CAUCA,76001,SANTIAGO DE CALI,6527,ADMINISTRACION DE EMPRESAS,170,169,203,B2,174,164,176
2024,EK202410047019,M,09,Estrato 3,Secundaria (Bachillerato) completa,Secundaria (Bachillerato) completa,NO,85,CASANARE,85001,YOPAL,53703,INGENIERIA INDUSTRIAL,178,300,195,B1,160,159,198
2024,EK202410046985,M,10,Estrato 3,Técnica o tecnológica incompleta,Secundaria (Bachillerato) completa,NO,11,"BOGOTÁ, D.C.",11001,"BOGOTÁ, D.C.",53703,INGENIERIA INDUSTRIAL,173,161,169,B1,164,169,167
2024,EK202410000151,F,08,Estrato 2,Secundaria (Bachillerato) incompleta,Ninguno,NO,25,CUNDINAMARCA,25175,CHÍA,11428,CONTADURIA PUBLICA,148,175,145,A2,142,143,151
2024,EK202410047129,M,09,Estrato 4,Técnica o tecnológica completa,Educación profesional completa,NO,11,"BOGOTÁ, D.C.",11001,"BOGOTÁ, D.C.",53703,INGENIERIA INDUSTRIAL,177,157,198,B2,190,168,178
2024,EK202410079692,F,09,Estrato 3,Técnica o tecnológica completa,Técnica o tecnológica completa,NO,11,"BOGOTÁ, D.C.",11001,"BOGOTÁ, D.C.",10963,RELACIONES INTERNACIONALES Y ESTUDIOS POLITICOS,165,154,167,B1,157,148,158
2024,EK202410079449,M,09,Estrato 3,Educación profesional completa,Educación profesional completa,NO,11,"BOGOTÁ, D.C.",11001,"BOGOTÁ, D.C.",10963,RELACIONES INTERNACIONALES Y ESTUDIOS POLITICOS,150,189,94,A1,130,113,135
2024,EK202410079825,F,08,Estrato 2,Postgrado,Postgrado,NO,15,BOYACÁ,15176,CHIQUINQUIRÁ,10963,RELACIONES INTERNACIONALES Y ESTUDIOS POLITICOS,193,147,181,B1,183,147,170
2024,EK202410049187,F,09,Estrato 1,Ninguno,Ninguno,NO,11,"BOGOTÁ, D.C.",11001,"BOGOTÁ, D.C.",11004,INGENIERIA CIVIL,113,0,124,A2,103,112,90
2024,EK202410079156,F,08,Estrato 3,Postgrado,No Aplica,NO,11,"BOGOTÁ, D.C.",11001,"BOGOTÁ, D.C.",10963,RELACIONES INTERNACIONALES Y ESTUDIOS POLITICOS,129,160,164,A2,181,169,161
2024,EK202410079107,F,09,Estrato 3,Educación profesional completa,Educación profesional completa,NO,11,"BOGOTÁ, D.C.",11001,"BOGOTÁ, D.C.",10963,RELACIONES INTERNACIONALES Y ESTUDIOS POLITICOS,134,121,185,B1,148,138,145
2024,EK202410079866,F,09,Estrato 3,Postgrado,Secundaria (Bachillerato) completa,NO,25,CUNDINAMARCA,25430,MADRID,10963,RELACIONES INTERNACIONALES Y ESTUDIOS POLITICOS,191,124,219,B2,190,165,178
2024,EK202410079923,M,09,Estrato 2,Primaria incompleta,Primaria incompleta,NO,11,"BOGOTÁ, D.C.",11001,"BOGOTÁ, D.C.",10963,RELACIONES INTERNACIONALES Y ESTUDIOS POLITICOS,212,161,166,B1,196,185,184
2024,EK202410012652,M,09,Estrato 4,Educación profesional completa,Educación profesional completa,NO,17,CALDAS,17001,MANIZALES,6527,ADMINISTRACION DE EMPRESAS,165,119,207,B2,187,166,169
2024,EK202410048636,M,10,Estrato 4,Educación profesional completa,Educación profesional completa,NO,11,"BOGOTÁ, D.C.",11001,"BOGOTÁ, D.C.",11004,INGENIERIA CIVIL,131,0,159,A2,118,141,110
2024,EK202410000099,M,09,Estrato 2,Primaria incompleta,Primaria incompleta,NO,11,"BOGOTÁ, D.C.",11001,"BOGOTÁ, D.C.",11428,CONTADURIA PUBLICA,82,107,134,A2,142,147,122
2024,EK202410049290,M,09,Estrato 3,Primaria completa,Primaria completa,NO,76,VALLE DEL CAUCA,76001,SANTIAGO DE CALI,11004,INGENIERIA CIVIL,113,150,151,A2,139,150,141
2024,EK202410079709,F,09,Estrato 1,Primaria incompleta,Técnica o tecnológica completa,NO,05,ANTIOQUIA,05001,MEDELLÍN,10963,RELACIONES INTERNACIONALES Y ESTUDIOS POLITICOS,154,150,189,B1,172,126,158
2024,EK202410059489,F,10,Estrato 4,Técnica o tecnológica completa,Técnica o tecnológica completa,NO,11,"BOGOTÁ, D.C.",11001,"BOGOTÁ, D.C.",11004,INGENIERIA CIVIL,170,163,194,B1,159,140,165
2024,EK202410079268,F,08,Estrato 4,Educación profesional completa,Postgrado,NO,11,"BOGOTÁ, D.C.",11001,"BOGOTÁ, D.C.",6527,ADMINISTRACION DE EMPRESAS,154,200,208,B2,190,188,188
2024,EK202410066999,M,08,Estrato 3,Secundaria (Bachillerato) incompleta,Secundaria (Bachillerato) incompleta,NO,76,VALLE DEL CAUCA,76834,TULUÁ,108241,"ADMINISTRACION DE RIESGOS, SEGURIDAD Y SALUD EN EL TRABAJO",192,121,131,A2,138,141,145
2024,EK202410061184,M,10,Estrato 1,Educación profesional incompleta,Educación profesional incompleta,NO,50,META,50001,VILLAVICENCIO,11004,INGENIERIA CIVIL,116,122,167,B1,154,160,144
2024,EK202410061559,M,10,Estrato 3,Educación profesional incompleta,Educación profesional incompleta,NO,11,"BOGOTÁ, D.C.",11001,"BOGOTÁ, D.C.",6527,ADMINISTRACION DE EMPRESAS,156,160,185,B1,175,151,165
2024,EK202410079587,M,09,Estrato 1,Postgrado,Postgrado,NO,52,NARIÑO,52001,PASTO,10963,RELACIONES INTERNACIONALES Y ESTUDIOS POLITICOS,208,140,111,A1,183,168,162
2024,EK202410067203,M,07,Estrato 3,Primaria completa,Primaria incompleta,NO,11,"BOGOTÁ, D.C.",11001,"BOGOTÁ, D.C.",108241,"ADMINISTRACION DE RIESGOS, SEGURIDAD Y SALUD EN EL TRABAJO",142,170,130,A2,151,160,151
2024,EK202410010712,M,09,Estrato 4,Secundaria (Bachillerato) incompleta,Primaria completa,NO,11,"BOGOTÁ, D.C.",11001,"BOGOTÁ, D.C.",6527,ADMINISTRACION DE EMPRESAS,166,150,180,B1,158,133,157
2024,EK202410079305,M,09,Estrato 3,Secundaria (Bachillerato) completa,Técnica o tecnológica completa,NO,25,CUNDINAMARCA,25175,CHÍA,10963,RELACIONES INTERNACIONALES Y ESTUDIOS POLITICOS,151,119,187,B1,143,138,148
2024,EK202410135731,M,09,Estrato 2,Educación profesional completa,Educación profesional completa,NO,25,CUNDINAMARCA,25899,ZIPAQUIRÁ,11004,INGENIERIA CIVIL,175,0,145,A2,128,144,118
2024,EK202410047007,F,09,Estrato 3,Postgrado,Primaria incompleta,NO,25,CUNDINAMARCA,25286,FUNZA,53703,INGENIERIA INDUSTRIAL,183,156,169,B1,190,187,177
2024,EK202410116067,M,10,Estrato 2,Primaria completa,Primaria completa,NO,25,CUNDINAMARCA,25175,CHÍA,11004,INGENIERIA CIVIL,153,117,112,A1,139,159,136
2024,EK202410049210,F,09,Estrato 4,Secundaria (Bachillerato) incompleta,Secundaria (Bachillerato) completa,NO,11,"BOGOTÁ, D.C.",11001,"BOGOTÁ, D.C.",11004,INGENIERIA CIVIL,179,125,139,A2,136,162,148
2024,EK202410129897,M,08,Estrato 2,Secundaria (Bachillerato) incompleta,Secundaria (Bachillerato) completa,NO,68,SANTANDER,68001,BUCARAMANGA,108241,"ADMINISTRACION DE RIESGOS, SEGURIDAD Y SALUD EN EL TRABAJO",138,165,150,A2,145,160,152
2024,EK202410059518,M,10,Estrato 3,Secundaria (Bachillerato) incompleta,Secundaria (Bachillerato) incompleta,NO,25,CUNDINAMARCA,25286,FUNZA,11004,INGENIERIA CIVIL,84,167,110,A1,126,138,125
2024,EK202410068863,M,08,Estrato 2,Secundaria (Bachillerato) completa,Técnica o tecnológica completa,NO,11,"BOGOTÁ, D.C.",11001,"BOGOTÁ, D.C.",105142,INGENIERIA INFORMÁTICA,170,122,183,B1,201,189,173
2024,EK202410048721,M,10,Estrato 1,Secundaria (Bachillerato) completa,Primaria incompleta,NO,50,META,50001,VILLAVICENCIO,11004,INGENIERIA CIVIL,179,144,173,B1,155,169,164
2024,EK202410067028,M,08,Estrato 1,Primaria incompleta,Primaria incompleta,NO,86,PUTUMAYO,86001,MOCOA,108241,"ADMINISTRACION DE RIESGOS, SEGURIDAD Y SALUD EN EL TRABAJO",155,152,144,A2,146,158,151
2024,EK202410080191,M,10,Estrato 3,Secundaria (Bachillerato) incompleta,Secundaria (Bachillerato) incompleta,NO,68,SANTANDER,68081,BARRANCABERMEJA,10963,RELACIONES INTERNACIONALES Y ESTUDIOS POLITICOS,133,144,94,A1,107,85,113
2024,EK202410012529,F,09,Estrato 3,Educación profesional incompleta,Educación profesional completa,NO,25,CUNDINAMARCA,25175,CHÍA,6527,ADMINISTRACION DE EMPRESAS,186,140,195,B1,180,179,176
2024,EK202410049310,F,09,Estrato 2,Secundaria (Bachillerato) completa,Técnica o tecnológica incompleta,NO,63,QUINDÍO,63001,ARMENIA,11004,INGENIERIA CIVIL,80,115,153,A2,118,125,118
2024,EK202410079340,F,09,Estrato 3,Primaria incompleta,Secundaria (Bachillerato) incompleta,NO,50,META,50001,VILLAVICENCIO,10963,RELACIONES INTERNACIONALES Y ESTUDIOS POLITICOS,190,170,144,A2,200,182,177
2024,EK202410049385,M,09,Estrato 1,Primaria completa,Primaria completa,NO,18,CAQUETÁ,18001,FLORENCIA,11004,INGENIERIA CIVIL,131,120,139,A2,126,137,131
2024,EK202410067037,M,08,Estrato 2,Secundaria (Bachillerato) incompleta,Secundaria (Bachillerato) incompleta,NO,76,VALLE DEL CAUCA,76001,SANTIAGO DE CALI,108241,"ADMINISTRACION DE RIESGOS, SEGURIDAD Y SALUD EN EL TRABAJO",155,171,146,A2,156,125,151
2024,EK202410000095,M,09,Estrato 1,Primaria completa,Primaria completa,NO,41,HUILA,41001,NEIVA,11428,CONTADURIA PUBLICA,125,183,137,A2,130,144,144
2024,EK202410048542,M,11,Estrato 2,Secundaria (Bachillerato) completa,Educación profesional completa,NO,73,TOLIMA,73001,IBAGUÉ,11004,INGENIERIA CIVIL,114,142,169,B1,130,174,146
2024,EK202410059527,M,10,Estrato 2,Técnica o tecnológica completa,Técnica o tecnológica completa,NO,76,VALLE DEL CAUCA,76001,SANTIAGO DE CALI,11004,INGENIERIA CIVIL,137,142,162,A2,165,183,158
2024,EK202410012300,F,09,Estrato 4,Educación profesional incompleta,Técnica o tecnológica completa,NO,15,BOYACÁ,15238,DUITAMA,6527,ADMINISTRACION DE EMPRESAS,168,181,161,A2,164,185,172
2024,EK202410067226,M,07,Estrato 2,Secundaria (Bachillerato) incompleta,Primaria completa,NO,41,HUILA,41001,NEIVA,108241,"ADMINISTRACION DE RIESGOS, SEGURIDAD Y SALUD EN EL TRABAJO",163,145,153,A2,163,142,153
2024,EK202410049365,M,09,Estrato 1,Primaria incompleta,No Aplica,NO,50,META,50001,VILLAVICENCIO,11004,INGENIERIA CIVIL,132,117,135,A2,139,146,134
2024,EK202410129912,M,07,Estrato 3,Secundaria (Bachillerato) completa,Secundaria (Bachillerato) completa,NO,11,"BOGOTÁ, D.C.",11001,"BOGOTÁ, D.C.",108241,"ADMINISTRACION DE RIESGOS, SEGURIDAD Y SALUD EN EL TRABAJO",159,154,155,A2,155,153,155
2024,EK202410061401,F,08,Estrato 4,Secundaria (Bachillerato) incompleta,Primaria completa,NO,11,"BOGOTÁ, D.C.",11001,"BOGOTÁ, D.C.",6527,ADMINISTRACION DE EMPRESAS,182,116,172,B1,160,131,152
2024,EK202410129981,M,07,Estrato 2,Secundaria (Bachillerato) incompleta,Técnica o tecnológica completa,NO,88,"ARCHIPIÉLAGO DE SAN ANDRÉS, PROVIDENCIA Y SANTA CATALINA",88001,SAN ANDRÉS,108241,"ADMINISTRACION DE RIESGOS, SEGURIDAD Y SALUD EN EL TRABAJO",122,123,107,A1,115,121,118
2024,EK202410079959,M,09,Estrato 2,Técnica o tecnológica completa,No sabe,NO,25,CUNDINAMARCA,25175,CHÍA,10963,RELACIONES INTERNACIONALES Y ESTUDIOS POLITICOS,188,160,172,B1,179,87,157
2024,EK202410048683,M,10,Estrato 4,Secundaria (Bachillerato) incompleta,Secundaria (Bachillerato) incompleta,NO,76,VALLE DEL CAUCA,76001,SANTIAGO DE CALI,11004,INGENIERIA CIVIL,161,123,164,A2,166,185,160
2024,EK202410059569,M,10,Estrato 3,Secundaria (Bachillerato) incompleta,Primaria completa,NO,50,META,50001,VILLAVICENCIO,11004,INGENIERIA CIVIL,154,119,163,A2,139,140,143
2024,EK202410079414,M,10,Estrato 3,Postgrado,Postgrado,NO,11,"BOGOTÁ, D.C.",11001,"BOGOTÁ, D.C.",10963,RELACIONES INTERNACIONALES Y ESTUDIOS POLITICOS,216,300,208,B2,185,199,222
2024,EK202410069264,M,08,Estrato 3,Técnica o tecnológica completa,Técnica o tecnológica completa,NO,11,"BOGOTÁ, D.C.",11001,"BOGOTÁ, D.C.",105142,INGENIERIA INFORMÁTICA,135,168,152,A2,158,133,149
2024,EK202410049409,M,09,Estrato 1,Secundaria (Bachillerato) incompleta,Secundaria (Bachillerato) incompleta,NO,18,CAQUETÁ,18001,FLORENCIA,11004,INGENIERIA CIVIL,168,119,180,B1,175,159,160
2024,EK202410079496,F,09,Estrato 3,Primaria completa,Primaria completa,NO,11,"BOGOTÁ, D.C.",11001,"BOGOTÁ, D.C.",10963,RELACIONES INTERNACIONALES Y ESTUDIOS POLITICOS,88,151,164,A2,146,66,123
2024,EK202410068786,M,08,Estrato 4,Educación profesional completa,Técnica o tecnológica completa,NO,47,MAGDALENA,47001,SANTA MARTA,105142,INGENIERIA INFORMÁTICA,188,138,222,B2,181,118,169
2024,EK202410049373,F,09,Estrato 2,Técnica o tecnológica completa,Educación profesional completa,NO,11,"BOGOTÁ, D.C.",11001,"BOGOTÁ, D.C.",11004,INGENIERIA CIVIL,159,144,170,B1,172,156,160
2024,EK202410163826,F,10,Estrato 2,Primaria completa,Primaria completa,NO,25,CUNDINAMARCA,25175,CHÍA,6527,ADMINISTRACION DE EMPRESAS,194,131,165,B1,171,172,167
2024,EK202410061495,M,09,Estrato 3,Primaria completa,Primaria completa,NO,11,"BOGOTÁ, D.C.",11001,"BOGOTÁ, D.C.",6527,ADMINISTRACION DE EMPRESAS,141,122,131,A2,160,111,133
2024,EK202410075008,M,09,Estrato 3,Postgrado,Secundaria (Bachillerato) completa,NO,11,"BOGOTÁ, D.C.",11001,"BOGOTÁ, D.C.",11004,INGENIERIA CIVIL,155,118,133,A2,170,184,152
2024,EK202410079529,F,09,Estrato 3,Técnica o tecnológica completa,Educación profesional completa,NO,11,"BOGOTÁ, D.C.",11001,"BOGOTÁ, D.C.",10963,RELACIONES INTERNACIONALES Y ESTUDIOS POLITICOS,164,161,179,B1,175,156,167
2024,EK202410080092,M,09,Estrato 3,Secundaria (Bachillerato) completa,Secundaria (Bachillerato) completa,NO,68,SANTANDER,68081,BARRANCABERMEJA,10963,RELACIONES INTERNACIONALES Y ESTUDIOS POLITICOS,193,150,140,A2,165,157,161
2024,EK202410049444,M,09,Estrato 3,Secundaria (Bachillerato) completa,Secundaria (Bachillerato) completa,NO,05,ANTIOQUIA,05088,BELLO,11004,INGENIERIA CIVIL,95,128,123,A2,116,147,122
2024,EK202410080163,M,09,Estrato 2,Secundaria (Bachillerato) completa,Secundaria (Bachillerato) completa,NO,11,"BOGOTÁ, D.C.",11001,"BOGOTÁ, D.C.",10963,RELACIONES INTERNACIONALES Y ESTUDIOS POLITICOS,145,166,129,A2,129,141,142
2024,EK202410160397,M,10,Estrato 2,Primaria completa,Primaria completa,NO,11,"BOGOTÁ, D.C.",11001,"BOGOTÁ, D.C.",11004,INGENIERIA CIVIL,100,78,124,A2,106,128,107
2024,EK202410079203,F,09,Estrato 3,Postgrado,Postgrado,NO,11,"BOGOTÁ, D.C.",11001,"BOGOTÁ, D.C.",10963,RELACIONES INTERNACIONALES Y ESTUDIOS POLITICOS,231,186,300,B2,195,190,220
2024,EK202410047089,M,10,Estrato 6,Educación profesional completa,Educación profesional completa,NO,66,RISARALDA,66001,PEREIRA,53703,INGENIERIA INDUSTRIAL,165,127,175,B1,155,160,156
2024,EK202410079997,M,08,Estrato 1,Secundaria (Bachillerato) completa,Secundaria (Bachillerato) completa,NO,50,META,50001,VILLAVICENCIO,10963,RELACIONES INTERNACIONALES Y ESTUDIOS POLITICOS,176,300,190,B1,165,155,197
2024,EK202410068816,M,08,Estrato 2,Primaria incompleta,Primaria incompleta,NO,11,"BOGOTÁ, D.C.",11001,"BOGOTÁ, D.C.",105142,INGENIERIA INFORMÁTICA,158,143,182,B1,150,116,150
2024,EK202410049435,F,09,Estrato 3,Primaria incompleta,Primaria incompleta,NO,05,ANTIOQUIA,05088,BELLO,11004,INGENIERIA CIVIL,131,153,156,A2,153,164,151
2024,EK202410079229,M,09,Estrato 1,Secundaria (Bachillerato) completa,Secundaria (Bachillerato) incompleta,NO,11,"BOGOTÁ, D.C.",11001,"BOGOTÁ, D.C.",10963,RELACIONES INTERNACIONALES Y ESTUDIOS POLITICOS,130,168,133,A2,154,166,150
2024,EK202410129859,M,07,Estrato 2,Primaria incompleta,Primaria incompleta,NO,11,"BOGOTÁ, D.C.",11001,"BOGOTÁ, D.C.",108241,"ADMINISTRACION DE RIESGOS, SEGURIDAD Y SALUD EN EL TRABAJO",193,148,169,B1,167,167,169
2024,EK202410066971,M,07,Estrato 3,Secundaria (Bachillerato) completa,Primaria incompleta,NO,25,CUNDINAMARCA,25175,CHÍA,108241,"ADMINISTRACION DE RIESGOS, SEGURIDAD Y SALUD EN EL TRABAJO",146,0,107,A1,132,113,100
2024,EK202410061618,F,08,Estrato 2,Secundaria (Bachillerato) completa,Secundaria (Bachillerato) completa,NO,13,BOLÍVAR,13001,CARTAGENA DE INDIAS,6527,ADMINISTRACION DE EMPRESAS,159,177,191,B1,158,145,166
2024,EK202410130003,F,07,Estrato 1,Primaria completa,Primaria incompleta,NO,11,"BOGOTÁ, D.C.",11001,"BOGOTÁ, D.C.",108241,"ADMINISTRACION DE RIESGOS, SEGURIDAD Y SALUD EN EL TRABAJO",123,176,159,A2,139,134,146
2024,EK202410078981,M,08,Estrato 5,Educación profesional completa,Primaria incompleta,NO,11,"BOGOTÁ, D.C.",11001,"BOGOTÁ, D.C.",10963,RELACIONES INTERNACIONALES Y ESTUDIOS POLITICOS,193,162,227,B2,180,186,190
2024,EK202410067015,F,07,Estrato 3,Educación profesional completa,Educación profesional completa,NO,25,CUNDINAMARCA,25175,CHÍA,108241,"ADMINISTRACION DE RIESGOS, SEGURIDAD Y SALUD EN EL TRABAJO",177,183,180,B1,163,141,169
2024,EK202410080203,M,08,Estrato 3,Educación profesional completa,Técnica o tecnológica incompleta,NO,25,CUNDINAMARCA,25899,ZIPAQUIRÁ,10963,RELACIONES INTERNACIONALES Y ESTUDIOS POLITICOS,170,156,162,A2,135,126,150
2024,EK202410066985,M,08,Estrato 2,Primaria completa,Primaria completa,NO,52,NARIÑO,52835,SAN ANDRÉS DE TUMACO,108241,"ADMINISTRACION DE RIESGOS, SEGURIDAD Y SALUD EN EL TRABAJO",127,152,136,A2,154,134,141
2024,EK202410049354,M,09,Estrato 2,Secundaria (Bachillerato) completa,Secundaria (Bachillerato) completa,NO,15,BOYACÁ,15238,DUITAMA,11004,INGENIERIA CIVIL,139,0,138,A2,142,145,113
2024,EK202410129942,M,08,Estrato 3,Primaria incompleta,Primaria incompleta,NO,11,"BOGOTÁ, D.C.",11001,"BOGOTÁ, D.C.",108241,"ADMINISTRACION DE RIESGOS, SEGURIDAD Y SALUD EN EL TRABAJO",151,163,181,B1,144,162,160
2024,EK202410080104,F,09,Estrato 2,Secundaria (Bachillerato) completa,Primaria incompleta,NO,11,"BOGOTÁ, D.C.",11001,"BOGOTÁ, D.C.",10963,RELACIONES INTERNACIONALES Y ESTUDIOS POLITICOS,199,170,125,A2,157,138,158
2024,EK202410079945,M,09,Estrato 3,Primaria incompleta,Primaria completa,NO,11,"BOGOTÁ, D.C.",11001,"BOGOTÁ, D.C.",10963,RELACIONES INTERNACIONALES Y ESTUDIOS POLITICOS,163,151,136,A2,165,169,157
2024,EK202410067225,M,07,Estrato 2,Educación profesional completa,Técnica o tecnológica completa,NO,11,"BOGOTÁ, D.C.",11001,"BOGOTÁ, D.C.",108241,"ADMINISTRACION DE RIESGOS, SEGURIDAD Y SALUD EN EL TRABAJO",140,122,166,B1,134,135,139
2024,EK202410040166,M,07,Estrato 2,Primaria incompleta,Primaria incompleta,NO,25,CUNDINAMARCA,25899,ZIPAQUIRÁ,11428,CONTADURIA PUBLICA,136,174,154,A2,164,172,160
2024,EK202410079543,F,09,Estrato 3,Técnica o tecnológica completa,Técnica o tecnológica completa,NO,11,"BOGOTÁ, D.C.",11001,"BOGOTÁ, D.C.",10963,RELACIONES INTERNACIONALES Y ESTUDIOS POLITICOS,162,160,203,B2,151,144,164
2024,EK202410011568,F,08,Estrato 1,Secundaria (Bachillerato) completa,Secundaria (Bachillerato) completa,NO,11,"BOGOTÁ, D.C.",11001,"BOGOTÁ, D.C.",6527,ADMINISTRACION DE EMPRESAS,121,83,102,A1,92,92,98
2024,EK202410048586,M,09,Estrato 2,Secundaria (Bachillerato) incompleta,Secundaria (Bachillerato) incompleta,NO,11,"BOGOTÁ, D.C.",11001,"BOGOTÁ, D.C.",11004,INGENIERIA CIVIL,93,124,97,A1,102,128,109
2024,EK202410068754,F,08,Estrato 1,Secundaria (Bachillerato) completa,Secundaria (Bachillerato) incompleta,NO,11,"BOGOTÁ, D.C.",11001,"BOGOTÁ, D.C.",105142,INGENIERIA INFORMÁTICA,165,144,170,B1,149,163,158
2024,EK202410129906,M,07,Estrato 2,Ninguno,Ninguno,NO,11,"BOGOTÁ, D.C.",11001,"BOGOTÁ, D.C.",108241,"ADMINISTRACION DE RIESGOS, SEGURIDAD Y SALUD EN EL TRABAJO",175,163,142,A2,175,158,163
2024,EK202410059482,M,10,Estrato 2,Primaria incompleta,Primaria incompleta,NO,05,ANTIOQUIA,05615,RIONEGRO,11004,INGENIERIA CIVIL,196,170,166,B1,179,185,179
2024,EK202410068909,F,08,Estrato 4,Educación profesional incompleta,Educación profesional completa,NO,25,CUNDINAMARCA,25473,MOSQUERA,105142,INGENIERIA INFORMÁTICA,149,149,177,B1,178,193,169
2024,EK202410068837,M,08,Estrato 3,Técnica o tecnológica incompleta,Secundaria (Bachillerato) completa,NO,11,"BOGOTÁ, D.C.",11001,"BOGOTÁ, D.C.",105142,INGENIERIA INFORMÁTICA,154,127,114,A1,164,146,141
2024,EK202410135184,F,09,Estrato 3,Ninguno,Ninguno,NO,52,NARIÑO,52001,PASTO,11004,INGENIERIA CIVIL,146,124,142,A2,143,161,143
2024,EK202410166060,F,09,Estrato 2,Secundaria (Bachillerato) completa,Secundaria (Bachillerato) completa,NO,25,CUNDINAMARCA,25175,CHÍA,6527,ADMINISTRACION DE EMPRESAS,164,173,192,B1,181,167,175
2024,EK202410129883,M,07,Estrato 2,Primaria completa,Primaria completa,NO,08,ATLÁNTICO,08001,BARRANQUILLA,108241,"ADMINISTRACION DE RIESGOS, SEGURIDAD Y SALUD EN EL TRABAJO",126,119,139,A2,122,120,125
2024,EK202410048837,M,09,Estrato 1,Técnica o tecnológica completa,Técnica o tecnológica completa,NO,15,BOYACÁ,15759,SOGAMOSO,11004,INGENIERIA CIVIL,179,124,180,B1,175,153,162
2024,EK202410161115,F,08,Estrato 3,Técnica o tecnológica completa,Técnica o tecnológica completa,NO,11,"BOGOTÁ, D.C.",11001,"BOGOTÁ, D.C.",6527,ADMINISTRACION DE EMPRESAS,160,122,195,B1,156,161,159
2024,EK202410060366,F,08,Estrato 3,Secundaria (Bachillerato) completa,Secundaria (Bachillerato) completa,NO,11,"BOGOTÁ, D.C.",11001,"BOGOTÁ, D.C.",11428,CONTADURIA PUBLICA,152,154,138,A2,147,124,143
2024,EK202410046537,M,08,Estrato 2,Secundaria (Bachillerato) completa,Secundaria (Bachillerato) completa,NO,11,"BOGOTÁ, D.C.",11001,"BOGOTÁ, D.C.",6527,ADMINISTRACION DE EMPRESAS,152,75,124,A2,115,149,123
2024,EK202410059559,M,10,Estrato 3,Primaria completa,Primaria completa,NO,25,CUNDINAMARCA,25286,FUNZA,11004,INGENIERIA CIVIL,158,115,155,A2,178,165,154
2024,EK202410079082,F,08,Estrato 3,Secundaria (Bachillerato) completa,Educación profesional completa,NO,15,BOYACÁ,15001,TUNJA,10963,RELACIONES INTERNACIONALES Y ESTUDIOS POLITICOS,170,157,163,A2,168,144,160
2024,EK202410048870,M,09,Estrato 3,Primaria completa,Primaria completa,NO,05,ANTIOQUIA,05001,MEDELLÍN,11004,INGENIERIA CIVIL,122,0,126,A2,132,109,98
2024,EK202410168839,M,09,Estrato 1,Primaria completa,Primaria incompleta,NO,11,"BOGOTÁ, D.C.",11001,"BOGOTÁ, D.C.",11004,INGENIERIA CIVIL,117,119,123,A2,131,124,123
2024,EK202410068957,M,08,Estrato 2,Educación profesional completa,Postgrado,NO,25,CUNDINAMARCA,25175,CHÍA,105142,INGENIERIA INFORMÁTICA,119,192,191,B1,130,192,165
2024,EK202410129995,M,08,Estrato 2,Secundaria (Bachillerato) incompleta,Secundaria (Bachillerato) incompleta,NO,11,"BOGOTÁ, D.C.",11001,"BOGOTÁ, D.C.",108241,"ADMINISTRACION DE RIESGOS, SEGURIDAD Y SALUD EN EL TRABAJO",149,141,142,A2,171,184,157
2024,EK202410169884,F,10,Estrato 2,Postgrado,Postgrado,NO,25,CUNDINAMARCA,25175,CHÍA,11004,INGENIERIA CIVIL,129,83,111,A1,146,151,124
2024,EK202410067005,M,08,Estrato 3,Primaria completa,Secundaria (Bachillerato) completa,NO,85,CASANARE,85001,YOPAL,108241,"ADMINISTRACION DE RIESGOS, SEGURIDAD Y SALUD EN EL TRABAJO",158,0,130,A2,134,114,107
2024,EK202410129987,M,08,Estrato 2,Primaria completa,Primaria completa,NO,11,"BOGOTÁ, D.C.",11001,"BOGOTÁ, D.C.",108241,"ADMINISTRACION DE RIESGOS, SEGURIDAD Y SALUD EN EL TRABAJO",151,0,146,A2,132,151,116
2024,EK202410047344,M,09,Estrato 2,Primaria incompleta,Primaria incompleta,NO,11,"BOGOTÁ, D.C.",11001,"BOGOTÁ, D.C.",53703,INGENIERIA INDUSTRIAL,131,154,144,A2,141,188,152
2024,EK202410059519,M,10,Estrato 3,Secundaria (Bachillerato) completa,Técnica o tecnológica completa,NO,11,"BOGOTÁ, D.C.",11001,"BOGOTÁ, D.C.",11004,INGENIERIA CIVIL,166,157,164,A2,155,156,160
2024,EK202410079382,F,09,Estrato 3,Primaria completa,Primaria incompleta,NO,11,"BOGOTÁ, D.C.",11001,"BOGOTÁ, D.C.",10963,RELACIONES INTERNACIONALES Y ESTUDIOS POLITICOS,145,151,158,A2,123,132,142
2024,EK202410079614,F,08,Estrato 2,Técnica o tecnológica completa,Educación profesional incompleta,NO,25,CUNDINAMARCA,25175,CHÍA,10963,RELACIONES INTERNACIONALES Y ESTUDIOS POLITICOS,205,159,202,B2,189,185,188
2024,EK202410161121,F,08,Estrato 2,Primaria completa,Primaria incompleta,NO,11,"BOGOTÁ, D.C.",11001,"BOGOTÁ, D.C.",6527,ADMINISTRACION DE EMPRESAS,154,117,142,A2,131,111,131
2024,EK202410168919,F,10,Estrato 2,Secundaria (Bachillerato) completa,No sabe,NO,85,CASANARE,85001,YOPAL,11004,INGENIERIA CIVIL,144,163,110,A1,134,124,135
2024,EK202410166065,M,09,Estrato 4,Técnica o tecnológica completa,Secundaria (Bachillerato) completa,NO,19,CAUCA,19001,POPAYÁN,6527,ADMINISTRACION DE EMPRESAS,159,186,136,A2,154,182,163
2024,EK202410169945,M,10,Estrato 3,Secundaria (Bachillerato) incompleta,Secundaria (Bachillerato) incompleta,NO,25,CUNDINAMARCA,25175,CHÍA,11004,INGENIERIA CIVIL,174,143,165,B1,170,167,164
2024,EK202410012560,M,09,Estrato 2,Secundaria (Bachillerato) completa,Primaria incompleta,NO,25,CUNDINAMARCA,25899,ZIPAQUIRÁ,6527,ADMINISTRACION DE EMPRESAS,154,166,139,A2,171,164,159
2024,EK202410115906,M,10,Estrato 2,Secundaria (Bachillerato) incompleta,Primaria incompleta,NO,05,ANTIOQUIA,05001,MEDELLÍN,11004,INGENIERIA CIVIL,134,141,153,A2,161,188,155
2024,EK202410049427,F,09,Estrato 2,Técnica o tecnológica incompleta,Técnica o tecnológica completa,NO,68,SANTANDER,68077,BARBOSA,11004,INGENIERIA CIVIL,114,128,111,A1,118,119,118
2024,EK202410005819,F,08,Estrato 2,Secundaria (Bachillerato) completa,Secundaria (Bachillerato) completa,NO,11,"BOGOTÁ, D.C.",11001,"BOGOTÁ, D.C.",11428,CONTADURIA PUBLICA,173,167,148,A2,193,149,166
2024,EK202410170709,M,10,Estrato 3,Secundaria (Bachillerato) completa,Secundaria (Bachillerato) completa,NO,25,CUNDINAMARCA,25290,FUSAGASUGÁ,11004,INGENIERIA CIVIL,162,172,169,B1,162,191,171
2024,EK202410079731,M,09,Estrato 2,Primaria incompleta,Primaria incompleta,NO,50,META,50001,VILLAVICENCIO,10963,RELACIONES INTERNACIONALES Y ESTUDIOS POLITICOS,125,164,126,A2,133,155,141
2024,EK202410129844,M,07,Estrato 3,Ninguno,No Aplica,NO,11,"BOGOTÁ, D.C.",11001,"BOGOTÁ, D.C.",108241,"ADMINISTRACION DE RIESGOS, SEGURIDAD Y SALUD EN EL TRABAJO",137,130,107,A1,146,151,134
2024,EK202410049419,M,09,Estrato 3,Primaria completa,Primaria completa,NO,25,CUNDINAMARCA,25175,CHÍA,11004,INGENIERIA CIVIL,190,142,161,A2,187,179,172
2024,EK202410061143,M,NA,NA,NA,NA,NO,25,CUNDINAMARCA,25899,ZIPAQUIRÁ,6527,ADMINISTRACION DE EMPRESAS,144,151,159,A2,118,154,145
2024,EK202410169441,F,NA,Estrato 3,Postgrado,Educación profesional completa,NO,11,"BOGOTÁ, D.C.",11001,"BOGOTÁ, D.C.",10963,RELACIONES INTERNACIONALES Y ESTUDIOS POLITICOS,182,106,162,A2,187,172,162
2024,EK202420000420,M,NA,Estrato 3,Técnica o tecnológica completa,Secundaria (Bachillerato) completa,SI,NA,NA,NA,NA,108241,"ADMINISTRACION DE RIESGOS, SEGURIDAD Y SALUD EN EL TRABAJO",157,188,160,A2,155,171,166
2024,EK202420000595,M,NA,Estrato 3,Técnica o tecnológica completa,Postgrado,SI,NA,NA,NA,NA,6527,ADMINISTRACION DE EMPRESAS,197,77,191,B1,183,193,168
2024,EK202420000660,F,NA,Estrato 3,Educación profesional incompleta,Educación profesional completa,SI,NA,NA,NA,NA,10963,RELACIONES INTERNACIONALES Y ESTUDIOS POLITICOS,195,153,202,B2,175,160,177
2024,EK202420000656,F,NA,Estrato 3,Educación profesional completa,Postgrado,SI,NA,NA,NA,NA,10963,RELACIONES INTERNACIONALES Y ESTUDIOS POLITICOS,151,169,170,B1,149,128,153
2024,EK202420000840,F,NA,Estrato 2,No sabe,Ninguno,SI,NA,NA,NA,NA,11004,INGENIERIA CIVIL,167,171,186,B1,168,197,178
2024,EK202420000618,F,NA,Estrato 3,Educación profesional completa,Técnica o tecnológica completa,SI,NA,NA,NA,NA,53703,INGENIERIA INDUSTRIAL,114,128,190,B1,148,143,145
2024,EK202420000658,F,NA,Estrato 2,No Aplica,Educación profesional completa,SI,NA,NA,NA,NA,10963,RELACIONES INTERNACIONALES Y ESTUDIOS POLITICOS,144,173,169,B1,145,109,148
2024,EK202420000654,F,NA,Estrato 2,Secundaria (Bachillerato) incompleta,Primaria completa,SI,NA,NA,NA,NA,10963,RELACIONES INTERNACIONALES Y ESTUDIOS POLITICOS,191,119,192,B1,187,150,168
2024,EK202420000657,M,NA,Estrato 4,Técnica o tecnológica incompleta,Postgrado,SI,NA,NA,NA,NA,10963,RELACIONES INTERNACIONALES Y ESTUDIOS POLITICOS,175,153,210,B2,170,144,170
2024,EK202420000833,M,NA,Estrato 3,Secundaria (Bachillerato) completa,Educación profesional completa,SI,NA,NA,NA,NA,11004,INGENIERIA CIVIL,142,82,138,A2,123,116,120
2024,EK202420000615,M,NA,Estrato 3,Primaria completa,Educación profesional completa,SI,NA,NA,NA,NA,53703,INGENIERIA INDUSTRIAL,140,154,182,B1,160,182,164
2024,EK202430018389,F,08,Estrato 3,Secundaria (Bachillerato) completa,Técnica o tecnológica incompleta,NO,25,CUNDINAMARCA,25899,ZIPAQUIRÁ,11428,CONTADURIA PUBLICA,129,175,147,A2,130,135,143
2024,EK202430028728,M,09,Estrato 4,Postgrado,Postgrado,NO,13,BOLÍVAR,13001,CARTAGENA DE INDIAS,11004,INGENIERIA CIVIL,194,178,217,B2,178,168,187
2024,EK202430029779,F,10,Estrato 3,Postgrado,Postgrado,NO,11,"BOGOTÁ, D.C.",11001,"BOGOTÁ, D.C.",11004,INGENIERIA CIVIL,163,166,191,B1,164,185,174
2024,EK202430018216,M,07,Estrato 2,Secundaria (Bachillerato) incompleta,Secundaria (Bachillerato) incompleta,NO,11,"BOGOTÁ, D.C.",11001,"BOGOTÁ, D.C.",11428,CONTADURIA PUBLICA,161,179,142,A2,149,161,158
2024,EK202430022807,F,09,Estrato 4,Educación profesional completa,Educación profesional completa,NO,11,"BOGOTÁ, D.C.",11001,"BOGOTÁ, D.C.",11428,CONTADURIA PUBLICA,140,183,196,B2,165,157,168
2024,EK202430030805,F,08,Estrato 3,Técnica o tecnológica completa,Técnica o tecnológica completa,NO,11,"BOGOTÁ, D.C.",11001,"BOGOTÁ, D.C.",108241,"ADMINISTRACION DE RIESGOS, SEGURIDAD Y SALUD EN EL TRABAJO",171,120,171,B1,173,108,149
2024,EK202430022548,F,09,Estrato 3,Primaria incompleta,Primaria incompleta,NO,25,CUNDINAMARCA,25899,ZIPAQUIRÁ,53703,INGENIERIA INDUSTRIAL,172,175,166,B1,161,139,163
2024,EK202430029462,M,10,NA,Secundaria (Bachillerato) completa,Primaria incompleta,NO,11,"BOGOTÁ, D.C.",11001,"BOGOTÁ, D.C.",11004,INGENIERIA CIVIL,172,114,123,A2,174,183,153
2024,EK202430037118,M,10,Estrato 5,Postgrado,Educación profesional completa,NO,76,VALLE DEL CAUCA,76001,SANTIAGO DE CALI,11004,INGENIERIA CIVIL,100,129,113,A1,130,191,133
2024,EK202430030709,F,08,Estrato 3,Secundaria (Bachillerato) incompleta,Primaria completa,NO,11,"BOGOTÁ, D.C.",11001,"BOGOTÁ, D.C.",6527,ADMINISTRACION DE EMPRESAS,82,160,139,A2,136,68,117
2024,EK202430050267,M,09,Estrato 1,Primaria completa,Primaria completa,NO,54,NORTE DE SANTANDER,54498,OCAÑA,11004,INGENIERIA CIVIL,127,165,131,A2,116,88,125
2024,EK202430029206,F,10,NA,Secundaria (Bachillerato) completa,Secundaria (Bachillerato) completa,NO,11,"BOGOTÁ, D.C.",11001,"BOGOTÁ, D.C.",11004,INGENIERIA CIVIL,138,116,125,A2,160,124,133
2024,EK202430041631,F,09,Estrato 2,Secundaria (Bachillerato) incompleta,Técnica o tecnológica completa,NO,76,VALLE DEL CAUCA,76001,SANTIAGO DE CALI,11004,INGENIERIA CIVIL,113,107,110,A1,119,109,112
2024,EK202430029307,F,08,Estrato 3,Primaria incompleta,Primaria incompleta,NO,66,RISARALDA,66001,PEREIRA,11004,INGENIERIA CIVIL,162,148,158,A2,192,187,169
2024,EK202430030817,F,06,Estrato 5,Postgrado,Postgrado,NO,15,BOYACÁ,15001,TUNJA,108241,"ADMINISTRACION DE RIESGOS, SEGURIDAD Y SALUD EN EL TRABAJO",144,0,139,A2,148,143,115
2024,EK202430030655,F,09,Estrato 4,Educación profesional completa,Educación profesional completa,NO,25,CUNDINAMARCA,25175,CHÍA,6527,ADMINISTRACION DE EMPRESAS,185,167,196,B2,150,200,180
2024,EK202430014704,F,08,Estrato 2,Técnica o tecnológica completa,Educación profesional completa,NO,13,BOLÍVAR,13001,CARTAGENA DE INDIAS,10963,RELACIONES INTERNACIONALES Y ESTUDIOS POLITICOS,207,197,197,B2,197,166,193
2024,EK202430028735,F,08,Estrato 2,Educación profesional completa,Educación profesional completa,NO,11,"BOGOTÁ, D.C.",11001,"BOGOTÁ, D.C.",11004,INGENIERIA CIVIL,86,168,151,A2,94,100,120
2024,EK202430030615,M,09,Estrato 5,Postgrado,Primaria completa,NO,25,CUNDINAMARCA,25175,CHÍA,6527,ADMINISTRACION DE EMPRESAS,126,132,186,B1,149,164,151
2024,EK202430057080,M,09,NA,NA,NA,NO,54,NORTE DE SANTANDER,54498,OCAÑA,11004,INGENIERIA CIVIL,154,171,138,A2,157,181,160
2024,EK202430014698,M,09,Estrato 3,Primaria incompleta,Primaria incompleta,NO,68,SANTANDER,68547,PIEDECUESTA,10963,RELACIONES INTERNACIONALES Y ESTUDIOS POLITICOS,151,131,137,A2,174,122,143
2024,EK202430049415,F,09,NA,NA,NA,NO,25,CUNDINAMARCA,25430,MADRID,11004,INGENIERIA CIVIL,115,164,135,A2,173,190,155
2024,EK202430030830,F,07,Estrato 1,Primaria incompleta,Primaria incompleta,NO,25,CUNDINAMARCA,25899,ZIPAQUIRÁ,108241,"ADMINISTRACION DE RIESGOS, SEGURIDAD Y SALUD EN EL TRABAJO",140,114,163,A2,159,128,141
2024,EK202430057128,F,10,Estrato 5,Técnica o tecnológica completa,Secundaria (Bachillerato) completa,NO,13,BOLÍVAR,13001,CARTAGENA DE INDIAS,11004,INGENIERIA CIVIL,142,148,189,B1,171,187,167
2024,EK202430030783,F,06,Estrato 3,Secundaria (Bachillerato) completa,Secundaria (Bachillerato) completa,NO,11,"BOGOTÁ, D.C.",11001,"BOGOTÁ, D.C.",108241,"ADMINISTRACION DE RIESGOS, SEGURIDAD Y SALUD EN EL TRABAJO",121,80,134,A2,149,96,116
2024,EK202430044733,M,08,Estrato 3,Educación profesional completa,Postgrado,NO,11,"BOGOTÁ, D.C.",11001,"BOGOTÁ, D.C.",105142,INGENIERIA INFORMÁTICA,129,190,190,B1,153,185,169
2024,EK202430028779,F,09,Estrato 2,Primaria incompleta,Primaria incompleta,NO,11,"BOGOTÁ, D.C.",11001,"BOGOTÁ, D.C.",11004,INGENIERIA CIVIL,127,114,152,A2,168,164,145
2024,EK202430028798,F,10,Estrato 4,Secundaria (Bachillerato) completa,Secundaria (Bachillerato) incompleta,NO,25,CUNDINAMARCA,25290,FUSAGASUGÁ,11004,INGENIERIA CIVIL,170,161,124,A2,190,190,167
2024,EK202430014706,F,12 o más,Estrato 4,Secundaria (Bachillerato) completa,Secundaria (Bachillerato) completa,NO,25,CUNDINAMARCA,25175,CHÍA,10963,RELACIONES INTERNACIONALES Y ESTUDIOS POLITICOS,171,173,187,B1,168,176,175
2024,EK202430028792,M,09,Estrato 3,Secundaria (Bachillerato) completa,Primaria incompleta,NO,11,"BOGOTÁ, D.C.",11001,"BOGOTÁ, D.C.",11004,INGENIERIA CIVIL,162,128,121,A2,151,154,143
2024,EK202430030793,F,07,Estrato 2,Secundaria (Bachillerato) incompleta,Secundaria (Bachillerato) incompleta,NO,11,"BOGOTÁ, D.C.",11001,"BOGOTÁ, D.C.",108241,"ADMINISTRACION DE RIESGOS, SEGURIDAD Y SALUD EN EL TRABAJO",128,154,129,A2,163,120,139
2024,EK202430029254,M,10,Estrato 3,Secundaria (Bachillerato) completa,Primaria incompleta,NO,11,"BOGOTÁ, D.C.",11001,"BOGOTÁ, D.C.",11004,INGENIERIA CIVIL,146,124,135,A2,140,170,143
2024,EK202430029336,M,09,Estrato 2,Secundaria (Bachillerato) incompleta,Primaria incompleta,NO,11,"BOGOTÁ, D.C.",11001,"BOGOTÁ, D.C.",11004,INGENIERIA CIVIL,122,161,121,A2,171,196,154
2024,EK202430028761,M,10,Estrato 3,Primaria completa,Primaria completa,NO,25,CUNDINAMARCA,25175,CHÍA,11004,INGENIERIA CIVIL,136,0,139,A2,119,63,91
2024,EK202430030728,F,08,Estrato 1,Primaria incompleta,Primaria incompleta,NO,76,VALLE DEL CAUCA,76001,SANTIAGO DE CALI,6527,ADMINISTRACION DE EMPRESAS,104,0,82,A1,113,111,82
2024,EK202430014697,M,09,Estrato 2,Primaria incompleta,Primaria incompleta,NO,11,"BOGOTÁ, D.C.",11001,"BOGOTÁ, D.C.",10963,RELACIONES INTERNACIONALES Y ESTUDIOS POLITICOS,166,150,143,A2,146,148,151
2024,EK202430037479,F,07,Estrato 3,Primaria incompleta,Primaria incompleta,NO,63,QUINDÍO,63001,ARMENIA,108241,"ADMINISTRACION DE RIESGOS, SEGURIDAD Y SALUD EN EL TRABAJO",137,129,137,A2,150,138,138
2024,EK202430030791,M,07,Estrato 3,Secundaria (Bachillerato) completa,Secundaria (Bachillerato) completa,NO,25,CUNDINAMARCA,25175,CHÍA,108241,"ADMINISTRACION DE RIESGOS, SEGURIDAD Y SALUD EN EL TRABAJO",92,176,125,A2,93,109,119
2024,EK202430029312,M,09,Estrato 2,Primaria completa,Primaria completa,NO,05,ANTIOQUIA,05001,MEDELLÍN,11004,INGENIERIA CIVIL,183,133,101,A1,107,150,135
2024,EK202430057107,M,09,Estrato 3,Secundaria (Bachillerato) incompleta,Secundaria (Bachillerato) incompleta,NO,63,QUINDÍO,63001,ARMENIA,11004,INGENIERIA CIVIL,171,133,198,B2,172,191,173
2024,EK202430030711,F,08,Estrato 2,Primaria completa,Primaria incompleta,NO,05,ANTIOQUIA,05001,MEDELLÍN,6527,ADMINISTRACION DE EMPRESAS,116,150,140,A2,124,132,132
2024,EK202430029390,F,09,Estrato 3,Técnica o tecnológica completa,Primaria completa,NO,11,"BOGOTÁ, D.C.",11001,"BOGOTÁ, D.C.",11004,INGENIERIA CIVIL,185,123,139,A2,166,173,157
2024,EK202430022545,F,09,Estrato 3,Secundaria (Bachillerato) completa,Técnica o tecnológica incompleta,NO,05,ANTIOQUIA,05001,MEDELLÍN,53703,INGENIERIA INDUSTRIAL,120,176,141,A2,167,156,152
2024,EK202430048422,F,10,Estrato 1,Secundaria (Bachillerato) incompleta,Secundaria (Bachillerato) incompleta,NO,23,CÓRDOBA,23466,MONTELÍBANO,11004,INGENIERIA CIVIL,156,115,158,A2,162,142,147
2024,EK202430018186,F,08,Estrato 3,Técnica o tecnológica incompleta,Secundaria (Bachillerato) incompleta,NO,11,"BOGOTÁ, D.C.",11001,"BOGOTÁ, D.C.",11428,CONTADURIA PUBLICA,146,170,141,A2,161,114,146
2024,EK202430018423,F,08,Estrato 5,Educación profesional incompleta,Técnica o tecnológica completa,NO,11,"BOGOTÁ, D.C.",11001,"BOGOTÁ, D.C.",11428,CONTADURIA PUBLICA,164,157,203,B2,184,164,174
2024,EK202430018232,F,08,Estrato 3,Secundaria (Bachillerato) completa,Secundaria (Bachillerato) incompleta,NO,50,META,50001,VILLAVICENCIO,11428,CONTADURIA PUBLICA,203,124,197,B2,202,201,185
2024,EK202430030610,M,07,NA,NA,NA,NO,76,VALLE DEL CAUCA,76001,SANTIAGO DE CALI,6527,ADMINISTRACION DE EMPRESAS,168,144,131,A2,159,147,150
2024,EK202430049577,M,09,Estrato 3,Técnica o tecnológica completa,Primaria incompleta,NO,68,SANTANDER,68001,BUCARAMANGA,11004,INGENIERIA CIVIL,121,125,129,A2,127,132,127
2024,EK202430018355,F,09,Estrato 3,Técnica o tecnológica incompleta,Primaria completa,NO,11,"BOGOTÁ, D.C.",11001,"BOGOTÁ, D.C.",11428,CONTADURIA PUBLICA,141,161,150,A2,126,122,140
2024,EK202430030625,M,07,Estrato 4,Postgrado,Secundaria (Bachillerato) incompleta,NO,11,"BOGOTÁ, D.C.",11001,"BOGOTÁ, D.C.",6527,ADMINISTRACION DE EMPRESAS,151,180,206,B2,183,178,180
2024,EK202430030013,F,08,Estrato 1,Secundaria (Bachillerato) completa,Primaria incompleta,NO,41,HUILA,41551,PITALITO,11004,INGENIERIA CIVIL,213,158,187,B1,196,181,187
2024,EK202430030651,F,08,Estrato 2,Educación profesional incompleta,Secundaria (Bachillerato) completa,NO,11,"BOGOTÁ, D.C.",11001,"BOGOTÁ, D.C.",6527,ADMINISTRACION DE EMPRESAS,198,157,219,B2,206,184,193
2024,EK202430030590,M,07,Estrato 3,Secundaria (Bachillerato) incompleta,Secundaria (Bachillerato) completa,NO,76,VALLE DEL CAUCA,76001,SANTIAGO DE CALI,6527,ADMINISTRACION DE EMPRESAS,114,148,143,A2,142,117,133
2024,EK202430022546,F,09,Estrato 1,Secundaria (Bachillerato) incompleta,Secundaria (Bachillerato) completa,NO,23,CÓRDOBA,23555,PLANETA RICA,53703,INGENIERIA INDUSTRIAL,124,165,167,B1,159,118,147
2024,EK202430022544,F,09,Estrato 3,Técnica o tecnológica incompleta,Técnica o tecnológica completa,NO,11,"BOGOTÁ, D.C.",11001,"BOGOTÁ, D.C.",53703,INGENIERIA INDUSTRIAL,143,174,183,B1,130,152,156
2024,EK202430028743,F,10,Estrato 3,Secundaria (Bachillerato) incompleta,No Aplica,NO,25,CUNDINAMARCA,25175,CHÍA,11004,INGENIERIA CIVIL,159,158,131,A2,119,150,143
2024,EK202430029350,M,10,Estrato 5,Secundaria (Bachillerato) completa,Educación profesional completa,NO,19,CAUCA,19001,POPAYÁN,11004,INGENIERIA CIVIL,124,159,140,A2,148,157,146
2024,EK202430029519,M,08,Estrato 2,Secundaria (Bachillerato) completa,Secundaria (Bachillerato) completa,NO,15,BOYACÁ,15759,SOGAMOSO,11004,INGENIERIA CIVIL,152,150,153,A2,164,176,159
2024,EK202430029490,M,09,Estrato 3,Primaria incompleta,Primaria incompleta,NO,17,CALDAS,17001,MANIZALES,11004,INGENIERIA CIVIL,178,152,164,A2,178,165,167
2024,EK202430030833,F,07,Estrato 4,Primaria incompleta,Primaria incompleta,NO,76,VALLE DEL CAUCA,76001,SANTIAGO DE CALI,108241,"ADMINISTRACION DE RIESGOS, SEGURIDAD Y SALUD EN EL TRABAJO",164,0,125,A2,147,117,111
2024,EK202430029589,M,10,Estrato 3,Técnica o tecnológica incompleta,Secundaria (Bachillerato) incompleta,NO,68,SANTANDER,68001,BUCARAMANGA,11004,INGENIERIA CIVIL,151,0,177,B1,156,163,129
2024,EK202430018194,M,09,Estrato 3,Técnica o tecnológica completa,No Aplica,NO,11,"BOGOTÁ, D.C.",11001,"BOGOTÁ, D.C.",11428,CONTADURIA PUBLICA,139,130,156,A2,108,158,138
2024,EK202430076393,M,07,NA,NA,NA,NO,11,"BOGOTÁ, D.C.",11001,"BOGOTÁ, D.C.",108241,"ADMINISTRACION DE RIESGOS, SEGURIDAD Y SALUD EN EL TRABAJO",135,0,153,A2,147,119,111
2024,EK202430044662,M,07,Estrato 2,Técnica o tecnológica completa,Técnica o tecnológica completa,NO,11,"BOGOTÁ, D.C.",11001,"BOGOTÁ, D.C.",105142,INGENIERIA INFORMÁTICA,97,173,181,B1,123,177,150
2024,EK202430014707,F,09,Estrato 4,Primaria incompleta,Primaria incompleta,NO,11,"BOGOTÁ, D.C.",11001,"BOGOTÁ, D.C.",10963,RELACIONES INTERNACIONALES Y ESTUDIOS POLITICOS,165,149,201,B2,143,90,150
2024,EK202430022556,M,09,Estrato 2,Secundaria (Bachillerato) incompleta,Primaria incompleta,NO,76,VALLE DEL CAUCA,76520,PALMIRA,53703,INGENIERIA INDUSTRIAL,104,0,187,B1,190,191,134
2024,EK202430090031,M,10,Estrato 2,Técnica o tecnológica completa,Secundaria (Bachillerato) completa,NO,68,SANTANDER,68001,BUCARAMANGA,11004,INGENIERIA CIVIL,198,162,183,B1,146,171,172
2024,EK202430030827,M,07,Estrato 2,Técnica o tecnológica incompleta,Secundaria (Bachillerato) completa,NO,11,"BOGOTÁ, D.C.",11001,"BOGOTÁ, D.C.",108241,"ADMINISTRACION DE RIESGOS, SEGURIDAD Y SALUD EN EL TRABAJO",158,153,144,A2,158,142,151
2024,EK202430044839,M,08,Estrato 3,Educación profesional completa,Secundaria (Bachillerato) completa,NO,11,"BOGOTÁ, D.C.",11001,"BOGOTÁ, D.C.",105142,INGENIERIA INFORMÁTICA,175,150,207,B2,203,178,183
2024,EK202430030815,F,07,Estrato 3,Ninguno,Ninguno,NO,15,BOYACÁ,15001,TUNJA,108241,"ADMINISTRACION DE RIESGOS, SEGURIDAD Y SALUD EN EL TRABAJO",182,168,151,A2,153,155,162
2024,EK202430044713,M,08,Estrato 3,Técnica o tecnológica incompleta,Postgrado,NO,25,CUNDINAMARCA,25899,ZIPAQUIRÁ,105142,INGENIERIA INFORMÁTICA,96,155,149,A2,169,171,148
2024,EK202430022553,M,09,Estrato 2,Secundaria (Bachillerato) completa,Secundaria (Bachillerato) completa,NO,11,"BOGOTÁ, D.C.",11001,"BOGOTÁ, D.C.",53703,INGENIERIA INDUSTRIAL,157,117,172,B1,134,137,143
2024,EK202430030695,F,09,Estrato 4,Técnica o tecnológica completa,Técnica o tecnológica completa,NO,76,VALLE DEL CAUCA,76001,SANTIAGO DE CALI,6527,ADMINISTRACION DE EMPRESAS,190,176,209,B2,176,147,180
2024,EK202430022552,M,09,Estrato 3,Primaria completa,Secundaria (Bachillerato) incompleta,NO,11,"BOGOTÁ, D.C.",11001,"BOGOTÁ, D.C.",53703,INGENIERIA INDUSTRIAL,108,121,125,A2,114,145,123
2024,EK202430014705,F,08,Estrato 2,Educación profesional incompleta,Educación profesional incompleta,NO,50,META,50001,VILLAVICENCIO,10963,RELACIONES INTERNACIONALES Y ESTUDIOS POLITICOS,160,164,182,B1,139,136,156
2024,EK202430029328,F,09,Estrato 3,Secundaria (Bachillerato) completa,Secundaria (Bachillerato) completa,NO,05,ANTIOQUIA,05001,MEDELLÍN,11004,INGENIERIA CIVIL,111,169,120,A1,134,117,130
2024,EK202430018068,M,09,Estrato 3,Ninguno,Ninguno,NO,11,"BOGOTÁ, D.C.",11001,"BOGOTÁ, D.C.",11428,CONTADURIA PUBLICA,78,120,109,A1,101,105,103
2024,EK202430044804,M,07,Estrato 1,Educación profesional incompleta,Educación profesional completa,NO,11,"BOGOTÁ, D.C.",11001,"BOGOTÁ, D.C.",105142,INGENIERIA INFORMÁTICA,124,0,160,A2,183,161,126
2024,EK202430014696,F,09,Estrato 2,Primaria completa,Primaria completa,NO,11,"BOGOTÁ, D.C.",11001,"BOGOTÁ, D.C.",10963,RELACIONES INTERNACIONALES Y ESTUDIOS POLITICOS,170,139,159,A2,113,134,143
2024,EK202430022551,M,09,Estrato 2,Educación profesional completa,Ninguno,NO,25,CUNDINAMARCA,25899,ZIPAQUIRÁ,53703,INGENIERIA INDUSTRIAL,136,177,107,A1,122,167,142
2024,EK202430030838,F,08,Estrato 3,Secundaria (Bachillerato) incompleta,Secundaria (Bachillerato) incompleta,NO,68,SANTANDER,68001,BUCARAMANGA,108241,"ADMINISTRACION DE RIESGOS, SEGURIDAD Y SALUD EN EL TRABAJO",140,121,108,A1,135,95,120
2024,EK202430030602,F,08,Estrato 3,Secundaria (Bachillerato) incompleta,Secundaria (Bachillerato) completa,NO,11,"BOGOTÁ, D.C.",11001,"BOGOTÁ, D.C.",6527,ADMINISTRACION DE EMPRESAS,77,0,112,A1,110,92,78
2024,EK202430068429,M,09,Estrato 3,Primaria incompleta,Primaria incompleta,NO,11,"BOGOTÁ, D.C.",11001,"BOGOTÁ, D.C.",11004,INGENIERIA CIVIL,126,127,132,A2,131,151,133
2024,EK202430030804,F,07,NA,Primaria completa,Primaria incompleta,NO,15,BOYACÁ,15176,CHIQUINQUIRÁ,108241,"ADMINISTRACION DE RIESGOS, SEGURIDAD Y SALUD EN EL TRABAJO",105,154,127,A2,154,120,132
2024,EK202430030801,F,08,Estrato 3,Secundaria (Bachillerato) completa,Técnica o tecnológica incompleta,NO,11,"BOGOTÁ, D.C.",11001,"BOGOTÁ, D.C.",108241,"ADMINISTRACION DE RIESGOS, SEGURIDAD Y SALUD EN EL TRABAJO",118,124,130,A2,137,113,124
2024,EK202430030803,M,08,Estrato 3,Postgrado,Técnica o tecnológica completa,NO,11,"BOGOTÁ, D.C.",11001,"BOGOTÁ, D.C.",108241,"ADMINISTRACION DE RIESGOS, SEGURIDAD Y SALUD EN EL TRABAJO",166,164,189,B1,175,191,177
2024,EK202430045015,M,07,Estrato 2,Secundaria (Bachillerato) completa,Secundaria (Bachillerato) completa,NO,11,"BOGOTÁ, D.C.",11001,"BOGOTÁ, D.C.",105142,INGENIERIA INFORMÁTICA,159,170,139,A2,121,185,155
2024,EK202430030700,F,09,Estrato 5,Técnica o tecnológica completa,Secundaria (Bachillerato) incompleta,NO,11,"BOGOTÁ, D.C.",11001,"BOGOTÁ, D.C.",6527,ADMINISTRACION DE EMPRESAS,166,140,157,A2,178,159,160
2024,EK202430107330,F,10,Estrato 4,Secundaria (Bachillerato) completa,Secundaria (Bachillerato) completa,NO,11,"BOGOTÁ, D.C.",11001,"BOGOTÁ, D.C.",6527,ADMINISTRACION DE EMPRESAS,145,165,161,A2,138,159,154
2024,EK202430028712,M,10,Estrato 2,Secundaria (Bachillerato) completa,Secundaria (Bachillerato) completa,NO,11,"BOGOTÁ, D.C.",11001,"BOGOTÁ, D.C.",11004,INGENIERIA CIVIL,122,0,112,A1,150,116,100
2024,EK202430107465,M,09,Estrato 2,Secundaria (Bachillerato) incompleta,Secundaria (Bachillerato) incompleta,NO,18,CAQUETÁ,18001,FLORENCIA,11004,INGENIERIA CIVIL,95,171,154,A2,133,118,134
2024,EK202430018479,M,09,Estrato 3,Técnica o tecnológica incompleta,Técnica o tecnológica incompleta,NO,11,"BOGOTÁ, D.C.",11001,"BOGOTÁ, D.C.",11428,CONTADURIA PUBLICA,180,124,198,B2,137,174,163
2024,EK202430029331,M,10,Estrato 1,Primaria incompleta,Secundaria (Bachillerato) incompleta,NO,41,HUILA,41551,PITALITO,11004,INGENIERIA CIVIL,151,118,183,B1,170,192,163
2024,EK202430037112,M,09,Estrato 2,Técnica o tecnológica completa,Técnica o tecnológica completa,NO,05,ANTIOQUIA,05088,BELLO,11004,INGENIERIA CIVIL,120,122,176,B1,140,188,149
2024,EK202430014701,M,09,Estrato 2,Secundaria (Bachillerato) completa,Primaria completa,NO,76,VALLE DEL CAUCA,76111,GUADALAJARA DE BUGA,10963,RELACIONES INTERNACIONALES Y ESTUDIOS POLITICOS,188,182,198,B2,190,176,187
2024,EK202430030594,M,08,Estrato 3,Ninguno,Ninguno,NO,76,VALLE DEL CAUCA,76001,SANTIAGO DE CALI,6527,ADMINISTRACION DE EMPRESAS,154,170,156,A2,137,124,148
2024,EK202430029758,M,08,Estrato 3,Técnica o tecnológica completa,Postgrado,NO,68,SANTANDER,68081,BARRANCABERMEJA,11004,INGENIERIA CIVIL,146,170,135,A2,136,146,147
2024,EK202430018257,F,08,Estrato 4,Secundaria (Bachillerato) incompleta,Técnica o tecnológica completa,NO,11,"BOGOTÁ, D.C.",11001,"BOGOTÁ, D.C.",11428,CONTADURIA PUBLICA,177,158,164,A2,163,163,165
2024,EK202430107812,M,10,Estrato 3,Secundaria (Bachillerato) completa,Secundaria (Bachillerato) completa,NO,08,ATLÁNTICO,08001,BARRANQUILLA,11004,INGENIERIA CIVIL,148,120,150,A2,156,156,146
2024,EK202430029541,M,09,Estrato 1,Secundaria (Bachillerato) completa,Educación profesional completa,NO,19,CAUCA,19318,GUAPI,11004,INGENIERIA CIVIL,108,127,134,A2,94,91,111
2024,EK202430022550,M,09,Estrato 3,Educación profesional completa,Educación profesional completa,NO,11,"BOGOTÁ, D.C.",11001,"BOGOTÁ, D.C.",53703,INGENIERIA INDUSTRIAL,154,167,203,B2,196,173,179
2024,EK202430057119,M,09,Estrato 3,Secundaria (Bachillerato) completa,Secundaria (Bachillerato) completa,NO,68,SANTANDER,68001,BUCARAMANGA,11004,INGENIERIA CIVIL,139,0,163,A2,155,178,127
2024,EK202430044700,M,07,Estrato 2,Postgrado,Educación profesional completa,NO,15,BOYACÁ,15238,DUITAMA,105142,INGENIERIA INFORMÁTICA,163,0,173,B1,172,167,135
2024,EK202430030601,F,08,Estrato 3,Primaria incompleta,Primaria incompleta,NO,68,SANTANDER,68001,BUCARAMANGA,6527,ADMINISTRACION DE EMPRESAS,118,123,108,A1,137,111,119
2024,EK202430030604,F,08,Estrato 1,Ninguno,Ninguno,NO,68,SANTANDER,68077,BARBOSA,6527,ADMINISTRACION DE EMPRESAS,111,153,134,A2,139,91,126
2024,EK202430030811,F,07,Estrato 1,Secundaria (Bachillerato) incompleta,Primaria incompleta,NO,11,"BOGOTÁ, D.C.",11001,"BOGOTÁ, D.C.",108241,"ADMINISTRACION DE RIESGOS, SEGURIDAD Y SALUD EN EL TRABAJO",124,130,114,A1,118,130,123
2024,EK202430030797,F,07,Estrato 1,Secundaria (Bachillerato) incompleta,Ninguno,NO,15,BOYACÁ,15176,CHIQUINQUIRÁ,108241,"ADMINISTRACION DE RIESGOS, SEGURIDAD Y SALUD EN EL TRABAJO",82,172,115,A1,129,103,120
2024,EK202430022549,F,09,Estrato 3,Secundaria (Bachillerato) incompleta,Secundaria (Bachillerato) incompleta,NO,25,CUNDINAMARCA,25269,FACATATIVÁ,53703,INGENIERIA INDUSTRIAL,128,163,144,A2,130,135,140
2024,EK202430030798,F,07,Estrato 1,Secundaria (Bachillerato) incompleta,Primaria incompleta,NO,25,CUNDINAMARCA,25899,ZIPAQUIRÁ,108241,"ADMINISTRACION DE RIESGOS, SEGURIDAD Y SALUD EN EL TRABAJO",110,127,85,A1,146,82,110
2024,EK202430028754,F,10,Estrato 2,Primaria incompleta,Primaria incompleta,NO,52,NARIÑO,52356,IPIALES,11004,INGENIERIA CIVIL,177,146,123,A2,153,110,142
2024,EK202430030608,M,09,Estrato 3,Técnica o tecnológica incompleta,Técnica o tecnológica incompleta,NO,05,ANTIOQUIA,05045,APARTADÓ,6527,ADMINISTRACION DE EMPRESAS,160,175,154,A2,162,134,157
2024,EK202430030796,F,07,NA,NA,NA,NO,25,CUNDINAMARCA,25175,CHÍA,108241,"ADMINISTRACION DE RIESGOS, SEGURIDAD Y SALUD EN EL TRABAJO",120,148,125,A2,140,112,129
2024,EK202430029623,M,10,Estrato 3,Técnica o tecnológica completa,Primaria completa,NO,41,HUILA,41551,PITALITO,11004,INGENIERIA CIVIL,136,118,134,A2,144,84,123
2024,EK202430018130,F,09,Estrato 1,Primaria incompleta,Primaria incompleta,NO,54,NORTE DE SANTANDER,54001,SAN JOSÉ DE CÚCUTA,11428,CONTADURIA PUBLICA,105,141,96,A1,130,149,124
2024,EK202430029287,F,10,Estrato 3,Educación profesional completa,Técnica o tecnológica completa,NO,11,"BOGOTÁ, D.C.",11001,"BOGOTÁ, D.C.",11004,INGENIERIA CIVIL,112,132,151,A2,130,178,141
2024,EK202430064590,M,09,Estrato 3,Secundaria (Bachillerato) incompleta,Secundaria (Bachillerato) incompleta,NO,11,"BOGOTÁ, D.C.",11001,"BOGOTÁ, D.C.",105142,INGENIERIA INFORMÁTICA,132,145,121,A2,152,141,138
2024,EK202430014695,F,09,Estrato 3,Secundaria (Bachillerato) completa,Secundaria (Bachillerato) completa,NO,11,"BOGOTÁ, D.C.",11001,"BOGOTÁ, D.C.",10963,RELACIONES INTERNACIONALES Y ESTUDIOS POLITICOS,153,149,155,A2,154,111,144
2024,EK202430029768,F,09,Estrato 3,Técnica o tecnológica incompleta,Secundaria (Bachillerato) completa,NO,50,META,50001,VILLAVICENCIO,11004,INGENIERIA CIVIL,100,0,106,A1,156,110,94
2024,EK202430029406,F,08,Estrato 4,Postgrado,Educación profesional incompleta,NO,19,CAUCA,19001,POPAYÁN,11004,INGENIERIA CIVIL,103,177,202,B2,142,142,153
2024,EK202430113700,M,10,Estrato 2,Primaria completa,Primaria completa,NO,15,BOYACÁ,15759,SOGAMOSO,11004,INGENIERIA CIVIL,105,181,113,A1,72,111,116
2024,EK202430114819,M,10,Estrato 1,Ninguno,Ninguno,NO,11,"BOGOTÁ, D.C.",11001,"BOGOTÁ, D.C.",11004,INGENIERIA CIVIL,86,167,100,A1,125,166,129
2024,EK202430029402,M,10,Estrato 4,Postgrado,Secundaria (Bachillerato) completa,NO,76,VALLE DEL CAUCA,76001,SANTIAGO DE CALI,11004,INGENIERIA CIVIL,109,167,161,A2,130,125,138
2024,EK202430115439,M,10,Estrato 2,Técnica o tecnológica completa,No Aplica,NO,25,CUNDINAMARCA,25175,CHÍA,11004,INGENIERIA CIVIL,190,166,203,B2,169,190,184
2024,EK202430115444,M,10,Estrato 3,Primaria completa,Primaria incompleta,NO,11,"BOGOTÁ, D.C.",11001,"BOGOTÁ, D.C.",11428,CONTADURIA PUBLICA,209,168,164,A2,171,176,178
2024,EK202430113603,M,10,Estrato 2,Primaria completa,Primaria completa,NO,25,CUNDINAMARCA,25290,FUSAGASUGÁ,11004,INGENIERIA CIVIL,146,128,122,A2,127,130,131
2024,EK202430113748,M,09,Estrato 2,Postgrado,Primaria incompleta,NO,18,CAQUETÁ,18001,FLORENCIA,11004,INGENIERIA CIVIL,120,124,114,A1,102,110,114
2024,EK202430113753,M,09,NA,NA,NA,NO,18,CAQUETÁ,18001,FLORENCIA,11004,INGENIERIA CIVIL,157,114,139,A2,171,171,150
2024,EK202430113746,F,09,Estrato 1,Educación profesional completa,Secundaria (Bachillerato) completa,NO,18,CAQUETÁ,18001,FLORENCIA,11004,INGENIERIA CIVIL,134,158,145,A2,176,146,152
2024,EK202430115538,M,10,Estrato 3,Primaria incompleta,Primaria completa,NO,73,TOLIMA,73001,IBAGUÉ,11004,INGENIERIA CIVIL,171,124,181,B1,153,170,160
2024,EK202430030704,M,09,Estrato 3,Secundaria (Bachillerato) completa,NA,NO,25,CUNDINAMARCA,25899,ZIPAQUIRÁ,6527,ADMINISTRACION DE EMPRESAS,114,128,124,A2,135,129,126
2024,EK202430116259,M,10,Estrato 3,Primaria incompleta,Ninguno,NO,76,VALLE DEL CAUCA,76001,SANTIAGO DE CALI,11004,INGENIERIA CIVIL,157,123,154,A2,181,130,149
2024,EK202430018167,F,08,Estrato 2,Secundaria (Bachillerato) completa,Secundaria (Bachillerato) completa,NO,25,CUNDINAMARCA,25175,CHÍA,11428,CONTADURIA PUBLICA,137,168,159,A2,142,136,148
2024,EK202430111227,F,10,Estrato 1,Secundaria (Bachillerato) incompleta,Secundaria (Bachillerato) completa,NO,86,PUTUMAYO,86001,MOCOA,11004,INGENIERIA CIVIL,137,138,107,A1,132,117,126
2024,EK202430116462,M,10,Estrato 3,Secundaria (Bachillerato) completa,Técnica o tecnológica completa,NO,76,VALLE DEL CAUCA,76834,TULUÁ,11004,INGENIERIA CIVIL,139,129,149,A2,141,178,147
2024,EK202430089947,M,09,Estrato 3,Educación profesional completa,Educación profesional incompleta,NO,11,"BOGOTÁ, D.C.",11001,"BOGOTÁ, D.C.",11004,INGENIERIA CIVIL,143,107,125,A2,138,171,137
2024,EK202430022547,F,09,Estrato 3,Secundaria (Bachillerato) completa,Educación profesional completa,NO,25,CUNDINAMARCA,25754,SOACHA,53703,INGENIERIA INDUSTRIAL,142,152,152,A2,157,126,146
2024,EK202430022555,M,09,Estrato 2,Primaria completa,Secundaria (Bachillerato) incompleta,NO,15,BOYACÁ,15759,SOGAMOSO,53703,INGENIERIA INDUSTRIAL,87,0,123,A2,133,118,92
2024,EK202430022554,F,09,Estrato 2,Educación profesional incompleta,Técnica o tecnológica completa,NO,15,BOYACÁ,15759,SOGAMOSO,53703,INGENIERIA INDUSTRIAL,151,166,164,A2,168,145,159
2024,EK202430116450,M,10,Estrato 2,Técnica o tecnológica completa,Secundaria (Bachillerato) completa,NO,11,"BOGOTÁ, D.C.",11001,"BOGOTÁ, D.C.",11004,INGENIERIA CIVIL,137,181,137,A2,144,188,157
2024,EK202430120895,M,NA,Estrato 3,Educación profesional completa,Educación profesional completa,NO,11,"BOGOTÁ, D.C.",11001,"BOGOTÁ, D.C.",11004,INGENIERIA CIVIL,153,175,179,B1,190,201,180
2024,EK202440001069,M,NA,Estrato 3,Primaria incompleta,Primaria incompleta,SI,NA,NA,NA,NA,53703,INGENIERIA INDUSTRIAL,143,140,189,B1,154,158,157
2024,EK202440000958,F,NA,Estrato 3,Educación profesional completa,Técnica o tecnológica completa,SI,NA,NA,NA,NA,11428,CONTADURIA PUBLICA,110,173,183,B1,159,133,152
2024,EK202440000607,M,NA,Estrato 3,Técnica o tecnológica completa,Educación profesional completa,SI,NA,NA,NA,NA,11004,INGENIERIA CIVIL,146,123,167,B1,155,188,156
2024,EK202440000287,M,NA,Estrato 3,Postgrado,Postgrado,SI,NA,NA,NA,NA,6527,ADMINISTRACION DE EMPRESAS,173,143,193,B1,176,190,175
2024,EK202440001028,F,NA,Estrato 4,Secundaria (Bachillerato) completa,Secundaria (Bachillerato) completa,SI,NA,NA,NA,NA,10963,RELACIONES INTERNACIONALES Y ESTUDIOS POLITICOS,171,124,129,A2,97,88,122
2024,EK202440000609,M,NA,Sin Estrato,Postgrado,Secundaria (Bachillerato) completa,SI,NA,NA,NA,NA,11004,INGENIERIA CIVIL,103,0,184,B1,71,118,95
2024,EK202440001345,M,NA,Estrato 3,Secundaria (Bachillerato) completa,NA,SI,NA,NA,NA,NA,108241,"ADMINISTRACION DE RIESGOS, SEGURIDAD Y SALUD EN EL TRABAJO",163,123,172,B1,149,110,143
2024,EK202440001344,M,NA,Estrato 1,Educación profesional completa,Educación profesional completa,SI,NA,NA,NA,NA,108241,"ADMINISTRACION DE RIESGOS, SEGURIDAD Y SALUD EN EL TRABAJO",130,159,178,B1,161,155,157
2024,EK202440001592,M,NA,Estrato 3,Técnica o tecnológica completa,Técnica o tecnológica completa,SI,NA,NA,NA,NA,11004,INGENIERIA CIVIL,109,173,183,B1,149,156,154
